crop_code,unit_cd,mean_cf_nat,mean_cf1,mean_cf2,mean_cf3,mean_cf4,mean_cf6,mean_cf7,mean_cf12,mean_cf99,note

1. BARLEY,1. Kilogram,1.0,1.0,1.0,1.0,1.0,1.0,1.0,1.0,1.0,

1. BARLEY,2. Gram,0.0010000000474974,0.0010000000474974,0.0010000000474974,0.0010000000474974,0.0010000000474974,0.0010000000474974,0.0010000000474974,0.0010000000474974,0.0010000000474974,

1. BARLEY,3. Quintal,,,,,,,,,,

1. BARLEY,8. Jog,0.8309999704360962,0.7549999952316284,0.8309999704360962,0.8199999928474426,0.8899999856948853,0.8309999704360962,0.8130000233650208,0.8309999704360962,0.8299999833106995,

1. BARLEY,21. Akumada/Dawla/Lekota Small,25.26499938964844,25.593000411987305,24.280000686645508,25.26499938964844,25.26499938964844,25.26499938964844,25.26499938964844,25.26499938964844,25.26499938964844,

1. BARLEY,22. Akumada/Dawla/Lekota Large,49.75,41.5,49.75,58.0,49.75,49.75,49.75,49.75,49.75,

1. BARLEY,31. Birchiko Small,0.1220000013709068,0.1220000013709068,0.1220000013709068,0.1220000013709068,0.1220000013709068,0.1220000013709068,0.1220000013709068,0.1220000013709068,0.1220000013709068,

1. BARLEY,32. Birchiko Medium,0.1949999928474426,0.1949999928474426,0.1949999928474426,0.1949999928474426,0.209999993443489,0.1949999928474426,0.1899999976158142,0.1949999928474426,0.1949999928474426,

1. BARLEY,33. Birchiko Large,0.2339999973773956,0.2339999973773956,0.2339999973773956,0.2339999973773956,0.2339999973773956,0.2339999973773956,0.2339999973773956,0.2339999973773956,0.2339999973773956,

1. BARLEY,81. Joniya/Kasha Small,27.93099975585937,25.75,28.75,29.5629997253418,27.22900009155273,30.5,27.93099975585937,27.93099975585937,27.93099975585937,

1. BARLEY,82. Joniya/Kasha Medium,57.48799896240234,49.5,53.66699981689453,56.709999084472656,64.80000305175781,57.48799896240234,61.52799987792969,57.48799896240234,57.48799896240234,

1. BARLEY,83. Joniya/Kasha Large,,,,,,,,,,

1. BARLEY,92. Kerchat/Kemba Medium,20.850000381469727,20.850000381469727,20.850000381469727,20.850000381469727,20.850000381469727,20.850000381469727,20.850000381469727,20.850000381469727,20.850000381469727,

1. BARLEY,101. Kubaya/Cup Small,0.2140000015497207,0.2140000015497207,0.2140000015497207,0.1850000023841858,0.2029999941587448,0.2140000015497207,0.221000000834465,0.2140000015497207,0.2140000015497207,

1. BARLEY,102. Kubaya/Cup Medium,0.2919999957084656,0.3300000131130218,0.2549999952316284,0.2549999952316284,0.2919999957084656,0.2919999957084656,0.277999997138977,0.2919999957084656,0.2919999957084656,

1. BARLEY,103. Kubaya/Cup Large,0.5479999780654907,0.5479999780654907,0.5479999780654907,0.5479999780654907,0.44200000166893,0.4629999995231628,0.6269999742507935,0.4699999988079071,0.5479999780654907,

1. BARLEY,111. Kunna/Mishe/Kefer/Enkib Small,4.827000141143799,4.135000228881836,4.75,5.373000144958496,5.232999801635742,4.827000141143799,4.827000141143799,4.827000141143799,4.827000141143799,

1. BARLEY,112. Kunna/Mishe/Kefer/Enkib Medium,8.067999839782715,7.574999809265137,7.619999885559082,8.430000305175781,8.944999694824219,8.067999839782715,8.067999839782715,8.067999839782715,6.820000171661377,

1. BARLEY,113. Kunna/Mishe/Kefer/Enkib Large,20.51099967956543,22.08799934387207,24.434999465942383,20.51099967956543,20.51099967956543,20.51099967956543,20.51099967956543,20.51099967956543,20.51099967956543,

1. BARLEY,121. Madaberia/Nuse/Shera/Cheret Small,27.93099975585937,25.75,28.75,29.5629997253418,27.22900009155273,30.5,27.93099975585937,27.93099975585937,27.93099975585937,

1. BARLEY,122. Madaberia/Nuse/Shera/Cheret Medium,57.48799896240234,49.5,53.66699981689453,56.709999084472656,64.80000305175781,57.48799896240234,61.52799987792969,57.48799896240234,57.48799896240234,

1. BARLEY,123. Madaberia/Nuse/Shera/Cheret Large,,,,,,,,,,

1. BARLEY,151. Sahin Small,0.6899999976158142,0.6899999976158142,0.6899999976158142,0.6899999976158142,0.6899999976158142,0.6899999976158142,0.6899999976158142,0.6899999976158142,0.6899999976158142,Used jog ratio for teff to estimate container CF

1. BARLEY,152. Sahin Medium,1.1119999885559082,1.1119999885559082,1.1119999885559082,1.1119999885559082,1.1119999885559082,1.1119999885559082,1.1119999885559082,1.1119999885559082,1.1119999885559082,Used jog ratio for teff to estimate container CF

1. BARLEY,153. Sahin Large,1.8589999675750728,1.8589999675750728,1.8589999675750728,1.8589999675750728,1.8589999675750728,1.8589999675750728,1.8589999675750728,1.8589999675750728,1.8589999675750728,Used jog ratio for teff to estimate container CF

1. BARLEY,171. Sini Small,0.0419999994337558,0.0419999994337558,0.0419999994337558,0.0419999994337558,0.0419999994337558,0.0419999994337558,0.0419999994337558,0.0419999994337558,0.0419999994337558,Used jog ratio for teff to estimate container CF

1. BARLEY,172. Sini Medium,0.0719999969005584,0.0719999969005584,0.0719999969005584,0.0719999969005584,0.0719999969005584,0.0719999969005584,0.0719999969005584,0.0719999969005584,0.0719999969005584,Used jog ratio for teff to estimate container CF

1. BARLEY,181. Tasa/Tanika/Shember/Selemon Small,0.3479999899864197,0.2800000011920929,0.3479999899864197,0.3659999966621399,0.3479999899864197,0.2800000011920929,0.3479999899864197,0.3479999899864197,0.3479999899864197,

1. BARLEY,182. Tasa/Tanika/Shember/Selemon Medium,0.6499999761581421,0.5649999976158142,0.6499999761581421,0.652999997138977,0.6320000290870667,0.574999988079071,0.6679999828338623,0.6499999761581421,0.6800000071525574,

1. BARLEY,183. Tasa/Tanika/Shember/Selemon Large,0.912999987602234,1.0199999809265137,1.031999945640564,0.9919999837875366,0.912999987602234,0.912999987602234,0.824999988079071,0.912999987602234,0.7850000262260437,

2. MAIZE,1. Kilogram,1.0,1.0,1.0,1.0,1.0,1.0,1.0,1.0,1.0,

2. MAIZE,2. Gram,0.0010000000474974,0.0010000000474974,0.0010000000474974,0.0010000000474974,0.0010000000474974,0.0010000000474974,0.0010000000474974,0.0010000000474974,0.0010000000474974,

2. MAIZE,3. Quintal,,,,,,,,,,

2. MAIZE,8. Jog,0.9879999756813048,0.9100000262260436,0.9879999756813048,1.0,0.9980000257492064,0.9879999756813048,1.0099999904632568,0.9879999756813048,0.9700000286102296,

2. MAIZE,21. Akumada/Dawla/Lekota Small,27.632999420166016,27.225000381469727,28.450000762939453,27.632999420166016,27.632999420166016,27.632999420166016,27.632999420166016,27.632999420166016,27.632999420166016,

2. MAIZE,22. Akumada/Dawla/Lekota Large,50.33300018310547,51.5,50.33300018310547,48.0,50.33300018310547,50.33300018310547,50.33300018310547,50.33300018310547,50.33300018310547,

2. MAIZE,31. Birchiko Small,0.1609999984502792,0.1609999984502792,0.1609999984502792,0.1609999984502792,0.1609999984502792,0.1609999984502792,0.1609999984502792,0.1609999984502792,0.1609999984502792,

2. MAIZE,32. Birchiko Medium,0.2179999947547912,0.2179999947547912,0.2179999947547912,0.2179999947547912,0.2179999947547912,0.2179999947547912,0.2179999947547912,0.2179999947547912,0.2179999947547912,

2. MAIZE,33. Birchiko Large,0.2720000147819519,0.2720000147819519,0.2720000147819519,0.2720000147819519,0.2750000059604645,0.2720000147819519,0.2649999856948852,0.2720000147819519,0.2720000147819519,

2. MAIZE,81. Joniya/Kasha Small,37.8129997253418,37.8129997253418,31.0,38.26900100708008,41.22700119018555,37.8129997253418,37.8129997253418,32.0,37.8129997253418,

2. MAIZE,82. Joniya/Kasha Medium,70.34600067138672,57.75,60.83300018310547,58.85699844360352,,70.0,,,70.34600067138672,

2. MAIZE,83. Joniya/Kasha Large,,,,,,,,,,

2. MAIZE,92. Kerchat/Kemba Medium,21.06999969482422,21.06999969482422,21.06999969482422,21.0,21.06999969482422,21.06999969482422,21.13999938964844,21.06999969482422,21.06999969482422,

2. MAIZE,101. Kubaya/Cup Small,0.2709999978542328,0.2709999978542328,0.2709999978542328,0.2709999978542328,0.2800000011920929,0.2709999978542328,0.270000010728836,0.2709999978542328,0.2709999978542328,

2. MAIZE,102. Kubaya/Cup Medium,0.3440000116825104,0.3700000047683716,0.3440000116825104,0.3100000023841858,0.4000000059604645,0.3440000116825104,0.3240000009536743,0.3440000116825104,0.3440000116825104,

2. MAIZE,103. Kubaya/Cup Large,0.703000009059906,0.703000009059906,0.703000009059906,0.703000009059906,0.703000009059906,0.6050000190734863,0.7549999952316284,0.5799999833106995,0.703000009059906,

2. MAIZE,111. Kunna/Mishe/Kefer/Enkib Small,5.958000183105469,4.985000133514404,5.627999782562256,6.019999980926514,7.070000171661377,5.958000183105469,5.958000183105469,5.958000183105469,5.958000183105469,

2. MAIZE,112. Kunna/Mishe/Kefer/Enkib Medium,10.616999626159668,9.177000045776367,9.045000076293944,10.904000282287598,11.836999893188477,10.616999626159668,10.616999626159668,10.616999626159668,10.616999626159668,

2. MAIZE,113. Kunna/Mishe/Kefer/Enkib Large,24.4379997253418,27.413000106811523,28.450000762939453,24.4379997253418,24.4379997253418,24.4379997253418,24.4379997253418,24.4379997253418,24.4379997253418,

2. MAIZE,121. Madaberia/Nuse/Shera/Cheret Small,37.8129997253418,37.8129997253418,31.0,38.26900100708008,41.22700119018555,37.8129997253418,37.8129997253418,32.0,37.8129997253418,

2. MAIZE,122. Madaberia/Nuse/Shera/Cheret Medium,70.34600067138672,57.75,60.83300018310547,58.85699844360352,,70.0,,,70.34600067138672,

2. MAIZE,123. Madaberia/Nuse/Shera/Cheret Large,,,,,,,,,,

2. MAIZE,131. Medeb Small,1.5,1.5,1.5,1.5,1.5,1.5,1.5,1.5,1.5,

2. MAIZE,132. Medeb Medium,2.0,2.0,2.0,2.0,2.0,2.0,2.0,2.0,2.0,

2. MAIZE,133. Medeb Large,2.75,2.75,2.75,2.75,2.75,2.75,2.75,2.75,2.75,

2. MAIZE,141. Piece/number Small,0.1899999976158142,0.1899999976158142,0.1899999976158142,0.1899999976158142,0.1899999976158142,0.1899999976158142,0.1899999976158142,0.1899999976158142,0.1899999976158142,

2. MAIZE,142. Piece/number Medium,0.3400000035762787,0.3400000035762787,0.3400000035762787,0.3400000035762787,0.3400000035762787,0.3400000035762787,0.3400000035762787,0.3400000035762787,0.3400000035762787,

2. MAIZE,143. Piece/number Large,0.4300000071525574,0.4300000071525574,0.4300000071525574,0.4300000071525574,0.4300000071525574,0.4300000071525574,0.4300000071525574,0.4300000071525574,0.4300000071525574,

2. MAIZE,151. Sahin Small,0.9110000133514404,0.9110000133514404,0.9110000133514404,0.9110000133514404,0.9110000133514404,0.9110000133514404,0.9110000133514404,0.9110000133514404,0.9110000133514404,

2. MAIZE,152. Sahin Medium,1.4290000200271606,1.4290000200271606,1.340000033378601,1.4359999895095823,1.4290000200271606,1.4290000200271606,1.437999963760376,1.4290000200271606,1.4290000200271606,

2. MAIZE,153. Sahin Large,2.325000047683716,2.325000047683716,2.325000047683716,2.325000047683716,2.325000047683716,2.325000047683716,2.325000047683716,2.325000047683716,2.325000047683716,

2. MAIZE,171. Sini Small,0.050000000745058,0.050000000745058,0.050000000745058,0.050000000745058,0.050000000745058,0.050000000745058,0.050000000745058,0.050000000745058,0.050000000745058,Used jog ratio for teff to estimate container CF

2. MAIZE,172. Sini Medium,0.0860000029206276,0.0860000029206276,0.0860000029206276,0.0860000029206276,0.0860000029206276,0.0860000029206276,0.0860000029206276,0.0860000029206276,0.0860000029206276,Used jog ratio for teff to estimate container CF

2. MAIZE,181. Tasa/Tanika/Shember/Selemon Small,0.4379999935626983,0.4379999935626983,0.4379999935626983,0.3540000021457672,0.3980000019073486,0.5,0.5130000114440918,0.4379999935626983,0.3700000047683716,

2. MAIZE,182. Tasa/Tanika/Shember/Selemon Medium,0.7900000214576721,0.7200000286102295,0.7900000214576721,0.7350000143051147,0.7879999876022339,0.7900000214576721,0.7919999957084656,0.7900000214576721,0.8999999761581421,

2. MAIZE,183. Tasa/Tanika/Shember/Selemon Large,1.0729999542236328,1.184999942779541,1.1729999780654907,1.1449999809265137,1.0729999542236328,1.0729999542236328,0.9900000095367432,1.0729999542236328,1.0729999542236328,

3. MILLET,1. Kilogram,1.0,1.0,1.0,1.0,1.0,1.0,1.0,1.0,1.0,

3. MILLET,3. Quintal,,,,,,,,,,

3. MILLET,8. Jog,0.9670000076293944,0.9549999833106996,0.9670000076293944,0.9670000076293944,0.875,0.9670000076293944,0.8899999856948853,0.9670000076293944,1.149999976158142,

3. MILLET,21. Akumada/Dawla/Lekota Small,29.31399917602539,29.31399917602539,29.31399917602539,29.31399917602539,29.31399917602539,29.31399917602539,29.31399917602539,29.31399917602539,29.31399917602539,Used jog ratio for teff to estimate container CF

3. MILLET,22. Akumada/Dawla/Lekota Large,47.38199996948242,47.38199996948242,47.38199996948242,47.38199996948242,47.38199996948242,47.38199996948242,47.38199996948242,47.38199996948242,47.38199996948242,Used jog ratio for teff to estimate container CF

3. MILLET,31. Birchiko Small,0.1400000005960464,0.1400000005960464,0.1400000005960464,0.1400000005960464,0.1400000005960464,0.1400000005960464,0.1400000005960464,0.1400000005960464,0.1400000005960464,

3. MILLET,32. Birchiko Medium,0.1850000023841858,0.1850000023841858,0.1850000023841858,0.1850000023841858,0.1850000023841858,0.1850000023841858,0.1850000023841858,0.1850000023841858,0.1850000023841858,

3. MILLET,33. Birchiko Large,0.375,0.375,0.375,0.375,0.375,0.375,0.375,0.375,0.375,

3. MILLET,81. Joniya/Kasha Small,31.753999710083008,33.75,35.5,32.875,28.625,28.049999237060547,31.753999710083008,31.753999710083008,31.753999710083008,

3. MILLET,82. Joniya/Kasha Medium,58.17300033569336,59.25,61.5,50.1879997253418,58.17300033569336,58.17300033569336,58.17300033569336,58.17300033569336,58.17300033569336,

3. MILLET,83. Joniya/Kasha Large,,,,,,,,,,

3. MILLET,101. Kubaya/Cup Small,0.2610000073909759,0.2610000073909759,0.2610000073909759,0.2610000073909759,0.2610000073909759,0.2610000073909759,0.2610000073909759,0.2610000073909759,0.2610000073909759,Used jog ratio for teff to estimate container CF

3. MILLET,102. Kubaya/Cup Medium,0.3370000123977661,0.3370000123977661,0.3370000123977661,0.3370000123977661,0.3370000123977661,0.3370000123977661,0.3370000123977661,0.3370000123977661,0.3370000123977661,Used jog ratio for teff to estimate container CF

3. MILLET,103. Kubaya/Cup Large,0.6850000023841858,0.6850000023841858,0.6850000023841858,0.6850000023841858,0.6850000023841858,0.6850000023841858,0.6850000023841858,0.6850000023841858,0.6850000023841858,Used jog ratio for teff to estimate container CF

3. MILLET,111. Kunna/Mishe/Kefer/Enkib Small,4.368000030517578,4.755000114440918,4.368000030517578,4.559999942779541,4.368000030517578,4.368000030517578,4.368000030517578,4.368000030517578,4.368000030517578,

3. MILLET,112. Kunna/Mishe/Kefer/Enkib Medium,7.460000038146973,7.59499979019165,6.21999979019165,8.430000305175781,7.460000038146973,7.460000038146973,7.460000038146973,7.460000038146973,7.460000038146973,

3. MILLET,113. Kunna/Mishe/Kefer/Enkib Large,11.130000114440918,12.609999656677246,9.380000114440918,11.130000114440918,9.920000076293944,11.130000114440918,11.130000114440918,11.130000114440918,11.130000114440918,

3. MILLET,121. Madaberia/Nuse/Shera/Cheret Small,31.753999710083008,33.75,35.5,32.875,28.625,28.049999237060547,31.753999710083008,31.753999710083008,31.753999710083008,

3. MILLET,122. Madaberia/Nuse/Shera/Cheret Medium,58.17300033569336,59.25,61.5,50.1879997253418,58.17300033569336,58.17300033569336,58.17300033569336,58.17300033569336,58.17300033569336,

3. MILLET,123. Madaberia/Nuse/Shera/Cheret Large,,,,,,,,,,

3. MILLET,151. Sahin Small,0.8029999732971191,0.8029999732971191,0.8029999732971191,0.8029999732971191,0.8029999732971191,0.8029999732971191,0.8029999732971191,0.8029999732971191,0.8029999732971191,Used jog ratio for teff to estimate container CF

3. MILLET,152. Sahin Medium,1.2949999570846558,1.2949999570846558,1.2949999570846558,1.2949999570846558,1.2949999570846558,1.2949999570846558,1.2949999570846558,1.2949999570846558,1.2949999570846558,Used jog ratio for teff to estimate container CF

3. MILLET,153. Sahin Large,2.1640000343322754,2.1640000343322754,2.1640000343322754,2.1640000343322754,2.1640000343322754,2.1640000343322754,2.1640000343322754,2.1640000343322754,2.1640000343322754,Used jog ratio for teff to estimate container CF

3. MILLET,171. Sini Small,0.0489999987185001,0.0489999987185001,0.0489999987185001,0.0489999987185001,0.0489999987185001,0.0489999987185001,0.0489999987185001,0.0489999987185001,0.0489999987185001,Used jog ratio for teff to estimate container CF

3. MILLET,172. Sini Medium,0.0839999988675117,0.0839999988675117,0.0839999988675117,0.0839999988675117,0.0839999988675117,0.0839999988675117,0.0839999988675117,0.0839999988675117,0.0839999988675117,Used jog ratio for teff to estimate container CF

3. MILLET,181. Tasa/Tanika/Shember/Selemon Small,0.3000000119209289,0.3000000119209289,0.3000000119209289,0.2619999945163727,0.3000000119209289,0.3400000035762787,0.3000000119209289,0.3000000119209289,0.3000000119209289,

3. MILLET,182. Tasa/Tanika/Shember/Selemon Medium,0.722000002861023,0.75,0.722000002861023,0.75,0.722000002861023,0.722000002861023,0.699999988079071,0.722000002861023,0.722000002861023,

3. MILLET,183. Tasa/Tanika/Shember/Selemon Large,1.003999948501587,1.003999948501587,1.003999948501587,0.9800000190734864,1.003999948501587,1.003999948501587,0.8999999761581421,1.003999948501587,0.9380000233650208,

4. OATS,1. Kilogram,1.0,1.0,1.0,1.0,1.0,1.0,1.0,1.0,1.0,

4. OATS,3. Quintal,,,,,,,,,,

4. OATS,8. Jog,0.9229999780654908,0.9229999780654908,0.9229999780654908,0.959999978542328,0.9229999780654908,0.9229999780654908,0.8349999785423279,0.9229999780654908,1.059999942779541,

4. OATS,21. Akumada/Dawla/Lekota Small,27.950000762939453,27.950000762939453,27.950000762939453,27.950000762939453,27.950000762939453,27.950000762939453,27.950000762939453,27.950000762939453,27.950000762939453,Used jog ratio for teff to estimate container CF

4. OATS,22. Akumada/Dawla/Lekota Large,45.178001403808594,45.178001403808594,45.178001403808594,45.178001403808594,45.178001403808594,45.178001403808594,45.178001403808594,45.178001403808594,45.178001403808594,Used jog ratio for teff to estimate container CF

4. OATS,31. Birchiko Small,0.1400000005960464,0.1400000005960464,0.1400000005960464,0.1400000005960464,0.1400000005960464,0.1400000005960464,0.1400000005960464,0.1400000005960464,0.1400000005960464,Used jog ratio for teff to estimate container CF

4. OATS,32. Birchiko Medium,0.2070000022649765,0.2070000022649765,0.2070000022649765,0.2070000022649765,0.2070000022649765,0.2070000022649765,0.2070000022649765,0.2070000022649765,0.2070000022649765,Used jog ratio for teff to estimate container CF

4. OATS,33. Birchiko Large,0.2800000011920929,0.2800000011920929,0.2800000011920929,0.2800000011920929,0.2800000011920929,0.2800000011920929,0.2800000011920929,0.2800000011920929,0.2800000011920929,Used jog ratio for teff to estimate container CF

4. OATS,81. Joniya/Kasha Small,29.899999618530277,33.0,33.0,31.25,29.899999618530277,29.899999618530277,29.899999618530277,29.899999618530277,29.899999618530277,

4. OATS,82. Joniya/Kasha Medium,54.0,64.0,64.0,50.75,54.0,54.0,54.0,54.0,54.0,

4. OATS,83. Joniya/Kasha Large,,,,,,,,,,

4. OATS,92. Kerchat/Kemba Medium,21.8799991607666,21.8799991607666,21.8799991607666,21.8799991607666,21.8799991607666,21.8799991607666,21.8799991607666,21.8799991607666,21.8799991607666,

4. OATS,101. Kubaya/Cup Small,0.248999997973442,0.248999997973442,0.248999997973442,0.248999997973442,0.248999997973442,0.248999997973442,0.248999997973442,0.248999997973442,0.248999997973442,Used jog ratio for teff to estimate container CF

4. OATS,102. Kubaya/Cup Medium,0.3210000097751617,0.3210000097751617,0.3210000097751617,0.3210000097751617,0.3210000097751617,0.3210000097751617,0.3210000097751617,0.3210000097751617,0.3210000097751617,Used jog ratio for teff to estimate container CF

4. OATS,103. Kubaya/Cup Large,0.652999997138977,0.652999997138977,0.652999997138977,0.652999997138977,0.652999997138977,0.652999997138977,0.652999997138977,0.652999997138977,0.652999997138977,Used jog ratio for teff to estimate container CF

4. OATS,111. Kunna/Mishe/Kefer/Enkib Small,5.480000019073486,5.480000019073486,5.480000019073486,5.480000019073486,5.480000019073486,5.480000019073486,5.480000019073486,5.480000019073486,5.480000019073486,Used jog ratio for teff to estimate container CF

4. OATS,112. Kunna/Mishe/Kefer/Enkib Medium,9.916999816894531,9.916999816894531,9.916999816894531,9.916999816894531,9.916999816894531,9.916999816894531,9.916999816894531,9.916999816894531,9.916999816894531,Used jog ratio for teff to estimate container CF

4. OATS,113. Kunna/Mishe/Kefer/Enkib Large,22.440000534057617,22.440000534057617,22.440000534057617,22.440000534057617,22.440000534057617,22.440000534057617,22.440000534057617,22.440000534057617,22.440000534057617,Used jog ratio for teff to estimate container CF

4. OATS,121. Madaberia/Nuse/Shera/Cheret Small,29.899999618530277,33.0,33.0,31.25,29.899999618530277,29.899999618530277,29.899999618530277,29.899999618530277,29.899999618530277,

4. OATS,122. Madaberia/Nuse/Shera/Cheret Medium,54.0,64.0,64.0,50.75,54.0,54.0,54.0,54.0,54.0,

4. OATS,123. Madaberia/Nuse/Shera/Cheret Large,,,,,,,,,,

4. OATS,151. Sahin Small,0.7649999856948853,0.7649999856948853,0.7649999856948853,0.7649999856948853,0.7649999856948853,0.7649999856948853,0.7649999856948853,0.7649999856948853,0.7649999856948853,Used jog ratio for teff to estimate container CF

4. OATS,152. Sahin Medium,1.2339999675750732,1.2339999675750732,1.2339999675750732,1.2339999675750732,1.2339999675750732,1.2339999675750732,1.2339999675750732,1.2339999675750732,1.2339999675750732,Used jog ratio for teff to estimate container CF

4. OATS,153. Sahin Large,2.062999963760376,2.062999963760376,2.062999963760376,2.062999963760376,2.062999963760376,2.062999963760376,2.062999963760376,2.062999963760376,2.062999963760376,Used jog ratio for teff to estimate container CF

4. OATS,171. Sini Small,0.0469999983906745,0.0469999983906745,0.0469999983906745,0.0469999983906745,0.0469999983906745,0.0469999983906745,0.0469999983906745,0.0469999983906745,0.0469999983906745,Used jog ratio for teff to estimate container CF

4. OATS,172. Sini Medium,0.0799999982118606,0.0799999982118606,0.0799999982118606,0.0799999982118606,0.0799999982118606,0.0799999982118606,0.0799999982118606,0.0799999982118606,0.0799999982118606,Used jog ratio for teff to estimate container CF

4. OATS,181. Tasa/Tanika/Shember/Selemon Small,0.4390000104904175,0.4390000104904175,0.4390000104904175,0.3799999952316284,0.4350000023841858,0.4390000104904175,0.4390000104904175,0.4390000104904175,0.4900000095367431,

4. OATS,182. Tasa/Tanika/Shember/Selemon Medium,0.7910000085830688,0.7910000085830688,0.7910000085830688,0.7770000100135803,0.7910000085830688,0.7910000085830688,0.7630000114440918,0.7910000085830688,0.8999999761581421,

4. OATS,183. Tasa/Tanika/Shember/Selemon Large,1.0789999961853027,1.2130000591278076,1.215000033378601,1.0789999961853027,1.0789999961853027,1.0789999961853027,0.959999978542328,1.0789999961853027,0.915000021457672,

5. RICE,3. Quintal,,,,,,,,,,

6. SORGHUM,1. Kilogram,1.0,1.0,1.0,1.0,1.0,1.0,1.0,1.0,1.0,

6. SORGHUM,2. Gram,0.0010000000474974,0.0010000000474974,0.0010000000474974,0.0010000000474974,0.0010000000474974,0.0010000000474974,0.0010000000474974,0.0010000000474974,0.0010000000474974,

6. SORGHUM,3. Quintal,,,,,,,,,,

6. SORGHUM,8. Jog,0.99099999666214,0.9800000190734864,0.99099999666214,1.0,0.9200000166893004,0.99099999666214,1.034999966621399,0.99099999666214,0.9769999980926514,

6. SORGHUM,21. Akumada/Dawla/Lekota Small,28.920000076293945,28.690000534057617,29.3799991607666,28.920000076293945,28.920000076293945,28.920000076293945,28.920000076293945,28.920000076293945,28.920000076293945,

6. SORGHUM,22. Akumada/Dawla/Lekota Large,47.0,47.66699981689453,47.0,45.0,47.0,47.0,47.0,47.0,47.0,

6. SORGHUM,31. Birchiko Small,0.1550000011920929,0.1550000011920929,0.1550000011920929,0.1550000011920929,0.1550000011920929,0.1550000011920929,0.1550000011920929,0.1550000011920929,0.1550000011920929,

6. SORGHUM,32. Birchiko Medium,0.209999993443489,0.209999993443489,0.209999993443489,0.209999993443489,0.209999993443489,0.209999993443489,0.209999993443489,0.209999993443489,0.209999993443489,

6. SORGHUM,33. Birchiko Large,0.2790000140666961,0.2790000140666961,0.2790000140666961,0.2790000140666961,0.2899999916553497,0.2790000140666961,0.2450000047683715,0.2790000140666961,0.2790000140666961,

6. SORGHUM,62. Esir Medium,2.049999952316284,2.049999952316284,2.049999952316284,2.049999952316284,2.049999952316284,2.049999952316284,2.049999952316284,2.049999952316284,2.049999952316284,

6. SORGHUM,81. Joniya/Kasha Small,36.053001403808594,33.08300018310547,33.5,37.09099960327149,33.82099914550781,40.09999847412109,40.88800048828125,34.0,36.053001403808594,

6. SORGHUM,82. Joniya/Kasha Medium,67.12899780273438,58.5,59.66699981689453,56.75,67.12899780273438,60.0,,,67.12899780273438,

6. SORGHUM,83. Joniya/Kasha Large,,,,,,,,,,

6. SORGHUM,101. Kubaya/Cup Small,0.2639999985694885,0.2639999985694885,0.2639999985694885,0.2750000059604645,0.270000010728836,0.2639999985694885,0.2619999945163727,0.2639999985694885,0.2639999985694885,

6. SORGHUM,102. Kubaya/Cup Medium,0.3810000121593475,0.3810000121593475,0.3810000121593475,0.3810000121593475,0.4379999935626983,0.3630000054836273,0.3540000021457672,0.3810000121593475,0.3810000121593475,

6. SORGHUM,103. Kubaya/Cup Large,0.7099999785423279,0.7099999785423279,0.7099999785423279,0.7099999785423279,0.5920000076293945,0.5899999737739563,0.7279999852180481,0.7099999785423279,0.7099999785423279,

6. SORGHUM,111. Kunna/Mishe/Kefer/Enkib Small,5.497000217437744,5.236000061035156,5.659999847412109,5.769999980926514,5.497000217437744,5.497000217437744,5.497000217437744,5.497000217437744,5.497000217437744,

6. SORGHUM,112. Kunna/Mishe/Kefer/Enkib Medium,10.260000228881836,9.119999885559082,9.119999885559082,10.579999923706056,11.866000175476074,10.260000228881836,10.260000228881836,10.260000228881836,10.260000228881836,

6. SORGHUM,113. Kunna/Mishe/Kefer/Enkib Large,24.07200050354004,24.07200050354004,24.07200050354004,24.07200050354004,24.07200050354004,24.07200050354004,24.07200050354004,24.07200050354004,24.07200050354004,

6. SORGHUM,121. Madaberia/Nuse/Shera/Cheret Small,36.053001403808594,33.08300018310547,33.5,37.09099960327149,33.82099914550781,40.09999847412109,40.88800048828125,34.0,36.053001403808594,

6. SORGHUM,122. Madaberia/Nuse/Shera/Cheret Medium,67.12899780273438,58.5,59.66699981689453,56.75,67.12899780273438,60.0,,,67.12899780273438,

6. SORGHUM,123. Madaberia/Nuse/Shera/Cheret Large,,,,,,,,,,

6. SORGHUM,151. Sahin Small,0.8220000267028809,0.8220000267028809,0.8220000267028809,0.8220000267028809,0.8220000267028809,0.8220000267028809,0.8220000267028809,0.8220000267028809,0.8220000267028809,Used jog ratio for teff to estimate container CF

6. SORGHUM,152. Sahin Medium,1.3259999752044678,1.3259999752044678,1.3259999752044678,1.3259999752044678,1.3259999752044678,1.3259999752044678,1.3259999752044678,1.3259999752044678,1.3259999752044678,Used jog ratio for teff to estimate container CF

6. SORGHUM,153. Sahin Large,2.2160000801086426,2.2160000801086426,2.2160000801086426,2.2160000801086426,2.2160000801086426,2.2160000801086426,2.2160000801086426,2.2160000801086426,2.2160000801086426,Used jog ratio for teff to estimate container CF

6. SORGHUM,171. Sini Small,0.0509999990463256,0.0509999990463256,0.0509999990463256,0.0509999990463256,0.0509999990463256,0.0509999990463256,0.0509999990463256,0.0509999990463256,0.0509999990463256,Used jog ratio for teff to estimate container CF

6. SORGHUM,172. Sini Medium,0.0860000029206276,0.0860000029206276,0.0860000029206276,0.0860000029206276,0.0860000029206276,0.0860000029206276,0.0860000029206276,0.0860000029206276,0.0860000029206276,Used jog ratio for teff to estimate container CF

6. SORGHUM,181. Tasa/Tanika/Shember/Selemon Small,0.4449999928474426,0.5070000290870667,0.4449999928474426,0.395000010728836,0.3899999856948852,0.4449999928474426,0.4449999928474426,0.4449999928474426,0.3700000047683716,

6. SORGHUM,182. Tasa/Tanika/Shember/Selemon Medium,0.8119999766349792,0.8119999766349792,0.8119999766349792,0.7979999780654907,0.699999988079071,0.7699999809265137,0.8180000185966492,0.699999988079071,0.9300000071525574,

6. SORGHUM,183. Tasa/Tanika/Shember/Selemon Large,1.0820000171661377,1.1799999475479126,1.1729999780654907,1.1200000047683716,1.0820000171661377,1.0820000171661377,1.003000020980835,1.0820000171661377,1.0820000171661377,

7. TEFF,1. Kilogram,1.0,1.0,1.0,1.0,1.0,1.0,1.0,1.0,1.0,

7. TEFF,2. Gram,0.0010000000474974,0.0010000000474974,0.0010000000474974,0.0010000000474974,0.0010000000474974,0.0010000000474974,0.0010000000474974,0.0010000000474974,0.0010000000474974,

7. TEFF,3. Quintal,,,,,,,,,,

7. TEFF,8. Jog,1.0720000267028809,1.0099999904632568,1.0720000267028809,1.1549999713897705,1.0679999589920044,1.0720000267028809,1.093000054359436,1.0720000267028809,1.034999966621399,

7. TEFF,21. Akumada/Dawla/Lekota Small,32.47999954223633,31.610000610351562,34.220001220703125,32.47999954223633,32.47999954223633,32.47999954223633,32.47999954223633,32.47999954223633,32.47999954223633,

7. TEFF,22. Akumada/Dawla/Lekota Large,52.5,53.0,52.5,51.0,52.5,52.5,52.5,52.5,52.5,

7. TEFF,31. Birchiko Small,0.1620000004768371,0.1620000004768371,0.1620000004768371,0.1620000004768371,0.1620000004768371,0.1620000004768371,0.1620000004768371,0.1620000004768371,0.1620000004768371,

7. TEFF,32. Birchiko Medium,0.2399999946355819,0.2399999946355819,0.2399999946355819,0.2399999946355819,0.2399999946355819,0.2399999946355819,0.2399999946355819,0.2399999946355819,0.2399999946355819,

7. TEFF,33. Birchiko Large,0.324999988079071,0.324999988079071,0.324999988079071,0.324999988079071,0.324999988079071,0.324999988079071,0.324999988079071,0.324999988079071,0.324999988079071,

7. TEFF,81. Joniya/Kasha Small,40.1150016784668,36.33300018310547,36.5,41.53799819946289,38.71500015258789,42.5,46.527000427246094,36.5,40.1150016784668,

7. TEFF,82. Joniya/Kasha Medium,71.71299743652344,65.16699981689453,66.83300018310547,65.78600311279297,,71.71299743652344,,60.25,71.71299743652344,

7. TEFF,83. Joniya/Kasha Large,,,,,,,,,,

7. TEFF,101. Kubaya/Cup Small,0.289000004529953,0.289000004529953,0.289000004529953,0.289000004529953,0.2899999916553497,0.289000004529953,0.289000004529953,0.289000004529953,0.289000004529953,

7. TEFF,102. Kubaya/Cup Medium,0.3729999959468841,0.3729999959468841,0.3449999988079071,0.3449999988079071,0.4350000023841858,0.3729999959468841,0.3659999966621399,0.3729999959468841,0.3729999959468841,

7. TEFF,103. Kubaya/Cup Large,0.7580000162124634,0.7580000162124634,0.7580000162124634,0.7580000162124634,0.6729999780654907,0.6650000214576721,0.8029999732971191,0.7580000162124634,0.7580000162124634,

7. TEFF,111. Kunna/Mishe/Kefer/Enkib Small,6.368000030517578,5.60699987411499,5.982999801635742,6.65500020980835,6.510000228881836,6.368000030517578,6.368000030517578,6.368000030517578,6.368000030517578,

7. TEFF,112. Kunna/Mishe/Kefer/Enkib Medium,11.524999618530272,9.80500030517578,9.75,12.637999534606934,11.03499984741211,11.524999618530272,11.524999618530272,11.524999618530272,11.524999618530272,

7. TEFF,113. Kunna/Mishe/Kefer/Enkib Large,26.07699966430664,28.582000732421875,30.0,26.07699966430664,30.030000686645508,26.07699966430664,26.07699966430664,26.07699966430664,26.07699966430664,

7. TEFF,121. Madaberia/Nuse/Shera/Cheret Small,40.1150016784668,36.33300018310547,36.5,41.53799819946289,38.71500015258789,42.5,46.527000427246094,36.5,40.1150016784668,

7. TEFF,122. Madaberia/Nuse/Shera/Cheret Medium,71.71299743652344,65.16699981689453,66.83300018310547,65.78600311279297,,71.71299743652344,,60.25,71.71299743652344,

7. TEFF,123. Madaberia/Nuse/Shera/Cheret Large,,,,,,,,,,

7. TEFF,151. Sahin Small,0.8899999856948853,0.8899999856948853,1.0299999713897705,1.0299999713897705,0.8899999856948853,0.8899999856948853,0.8539999723434448,0.8899999856948853,0.8899999856948853,

7. TEFF,152. Sahin Medium,1.434000015258789,1.434000015258789,1.434000015258789,1.4079999923706057,1.434000015258789,1.434000015258789,1.440999984741211,1.434000015258789,1.434000015258789,

7. TEFF,153. Sahin Large,2.3980000019073486,2.3980000019073486,2.3980000019073486,2.3980000019073486,2.3980000019073486,2.3980000019073486,2.503000020980835,2.3980000019073486,2.3980000019073486,

7. TEFF,181. Tasa/Tanika/Shember/Selemon Small,0.4839999973773956,0.3899999856948852,0.4839999973773956,0.4909999966621399,0.4839999973773956,0.574999988079071,0.4839999973773956,0.4839999973773956,0.4839999973773956,

7. TEFF,182. Tasa/Tanika/Shember/Selemon Medium,0.8600000143051147,0.800000011920929,0.8600000143051147,0.824999988079071,0.8019999861717224,0.8600000143051147,0.875,0.75,0.9950000047683716,

7. TEFF,183. Tasa/Tanika/Shember/Selemon Large,1.2050000429153442,1.340000033378601,1.3730000257492063,1.2660000324249268,1.2050000429153442,1.2050000429153442,1.0889999866485596,1.2050000429153442,1.2050000429153442,

8. WHEAT,1. Kilogram,1.0,1.0,1.0,1.0,1.0,1.0,1.0,1.0,1.0,

8. WHEAT,3. Quintal,,,,,,,,,,

8. WHEAT,8. Jog,1.0570000410079956,0.9900000095367432,1.0570000410079956,1.0470000505447388,1.0980000495910645,1.0570000410079956,1.0329999923706057,1.0570000410079956,1.0750000476837158,

8. WHEAT,21. Akumada/Dawla/Lekota Small,29.367000579833984,28.774999618530277,30.549999237060547,29.367000579833984,29.367000579833984,29.367000579833984,29.367000579833984,29.367000579833984,29.367000579833984,

8. WHEAT,22. Akumada/Dawla/Lekota Large,,,,,,,,,,

8. WHEAT,31. Birchiko Small,0.1570000052452087,0.1570000052452087,0.1570000052452087,0.1570000052452087,0.1570000052452087,0.1570000052452087,0.1570000052452087,0.1570000052452087,0.1570000052452087,

8. WHEAT,32. Birchiko Medium,0.19200000166893,0.19200000166893,0.19200000166893,0.19200000166893,0.19200000166893,0.19200000166893,0.19200000166893,0.19200000166893,0.19200000166893,

8. WHEAT,33. Birchiko Large,0.2829999923706054,0.2829999923706054,0.2829999923706054,0.2829999923706054,0.289000004529953,0.2829999923706054,0.2599999904632568,0.2829999923706054,0.2829999923706054,

8. WHEAT,81. Joniya/Kasha Small,37.96200180053711,32.83300018310547,33.25,39.0,38.875,37.96200180053711,43.4630012512207,37.96200180053711,37.96200180053711,

8. WHEAT,82. Joniya/Kasha Medium,71.34400177001953,61.16699981689453,65.5,63.16699981689453,,71.34400177001953,,71.34400177001953,71.34400177001953,

8. WHEAT,83. Joniya/Kasha Large,,,,,,,,,,

8. WHEAT,92. Kerchat/Kemba Medium,27.5,27.5,27.5,27.5,27.5,27.5,27.5,27.5,27.5,

8. WHEAT,101. Kubaya/Cup Small,0.2840000092983246,0.2840000092983246,0.2840000092983246,0.3030000030994415,0.270000010728836,0.2840000092983246,0.2829999923706054,0.2840000092983246,0.2840000092983246,

8. WHEAT,102. Kubaya/Cup Medium,0.3589999973773956,0.4149999916553497,0.3300000131130218,0.3300000131130218,0.3589999973773956,0.3589999973773956,0.3400000035762787,0.3589999973773956,0.3589999973773956,

8. WHEAT,103. Kubaya/Cup Large,0.7300000190734863,0.7300000190734863,0.7300000190734863,0.7300000190734863,0.6179999709129333,0.6200000047683716,0.7829999923706055,0.6000000238418579,0.7300000190734863,

8. WHEAT,111. Kunna/Mishe/Kefer/Enkib Small,6.328999996185303,5.152999877929688,6.328999996185303,7.019999980926514,7.554999828338623,6.328999996185303,6.328999996185303,6.328999996185303,6.328999996185303,

8. WHEAT,112. Kunna/Mishe/Kefer/Enkib Medium,11.10200023651123,9.390000343322754,9.050000190734863,11.925999641418455,11.55500030517578,11.10200023651123,11.10200023651123,11.10200023651123,11.10200023651123,

8. WHEAT,113. Kunna/Mishe/Kefer/Enkib Large,23.924999237060547,26.621999740600582,28.09499931335449,23.924999237060547,23.924999237060547,23.924999237060547,23.924999237060547,23.924999237060547,23.924999237060547,

8. WHEAT,121. Madaberia/Nuse/Shera/Cheret Small,37.96200180053711,32.83300018310547,33.25,39.0,38.875,37.96200180053711,43.4630012512207,37.96200180053711,37.96200180053711,

8. WHEAT,122. Madaberia/Nuse/Shera/Cheret Medium,71.34400177001953,61.16699981689453,65.5,63.16699981689453,,71.34400177001953,,71.34400177001953,71.34400177001953,

8. WHEAT,123. Madaberia/Nuse/Shera/Cheret Large,,,,,,,,,,

8. WHEAT,151. Sahin Small,0.7960000038146973,0.7960000038146973,0.7960000038146973,0.7960000038146973,0.7960000038146973,0.7960000038146973,0.7960000038146973,0.7960000038146973,0.7960000038146973,

8. WHEAT,152. Sahin Medium,1.3259999752044678,1.3259999752044678,1.3259999752044678,1.4049999713897705,1.3259999752044678,1.3259999752044678,1.3170000314712524,1.3259999752044678,1.3259999752044678,

8. WHEAT,153. Sahin Large,2.336999893188477,2.336999893188477,2.336999893188477,2.336999893188477,2.336999893188477,2.336999893188477,2.336999893188477,2.336999893188477,2.336999893188477,

8. WHEAT,171. Sini Small,0.0540000014007091,0.0540000014007091,0.0540000014007091,0.0540000014007091,0.0540000014007091,0.0540000014007091,0.0540000014007091,0.0540000014007091,0.0540000014007091,Used jog ratio for teff to estimate container CF

8. WHEAT,172. Sini Medium,0.0920000001788139,0.0920000001788139,0.0920000001788139,0.0920000001788139,0.0920000001788139,0.0920000001788139,0.0920000001788139,0.0920000001788139,0.0920000001788139,Used jog ratio for teff to estimate container CF

8. WHEAT,181. Tasa/Tanika/Shember/Selemon Small,0.4390000104904175,0.3700000047683716,0.4390000104904175,0.375,0.3709999918937683,0.3700000047683716,0.4390000104904175,0.4390000104904175,0.375,

8. WHEAT,182. Tasa/Tanika/Shember/Selemon Medium,0.8069999814033508,0.7350000143051147,0.8069999814033508,0.7400000095367432,0.8130000233650208,0.7099999785423279,0.8450000286102295,0.7400000095367432,0.8069999814033508,

8. WHEAT,183. Tasa/Tanika/Shember/Selemon Large,1.1089999675750732,1.2769999504089355,1.274999976158142,1.1130000352859497,1.1089999675750732,1.1089999675750732,1.0429999828338623,1.1089999675750732,0.9800000190734864,

9. Mung Bean/ MASHO,1. Kilogram,1.0,1.0,1.0,1.0,1.0,1.0,1.0,1.0,1.0,

9. Mung Bean/ MASHO,3. Quintal,,,,,,,,,,

10. CASSAVA,1. Kilogram,1.0,1.0,1.0,1.0,1.0,1.0,1.0,1.0,1.0,

10. CASSAVA,2. Gram,0.0010000000474974,0.0010000000474974,0.0010000000474974,0.0010000000474974,0.0010000000474974,0.0010000000474974,0.0010000000474974,0.0010000000474974,0.0010000000474974,

10. CASSAVA,3. Quintal,,,,,,,,,,

10. CASSAVA,131. Medeb Small,1.350000023841858,1.350000023841858,1.350000023841858,1.350000023841858,1.350000023841858,1.350000023841858,1.350000023841858,1.350000023841858,1.350000023841858,

10. CASSAVA,132. Medeb Medium,2.2300000190734863,2.2300000190734863,2.2300000190734863,2.2300000190734863,2.2300000190734863,2.2300000190734863,2.2300000190734863,2.2300000190734863,2.2300000190734863,

10. CASSAVA,133. Medeb Large,3.809999942779541,3.809999942779541,3.809999942779541,3.809999942779541,3.809999942779541,3.809999942779541,3.809999942779541,3.809999942779541,3.809999942779541,

10. CASSAVA,141. Piece/number Small,0.3000000119209289,0.3000000119209289,0.3000000119209289,0.3000000119209289,0.3000000119209289,0.3000000119209289,0.3000000119209289,0.3000000119209289,0.3000000119209289,

10. CASSAVA,142. Piece/number Medium,0.5600000023841858,0.5600000023841858,0.5600000023841858,0.5600000023841858,0.5600000023841858,0.5600000023841858,0.5600000023841858,0.5600000023841858,0.5600000023841858,

10. CASSAVA,143. Piece/number Large,0.8999999761581421,0.8999999761581421,0.8999999761581421,0.8999999761581421,0.8999999761581421,0.8999999761581421,0.8999999761581421,0.8999999761581421,0.8999999761581421,

11. CHICK PEAS,1. Kilogram,1.0,1.0,1.0,1.0,1.0,1.0,1.0,1.0,1.0,

11. CHICK PEAS,3. Quintal,,,,,,,,,,

11. CHICK PEAS,8. Jog,1.0540000200271606,0.9850000143051147,1.0540000200271606,1.128000020980835,1.034999966621399,1.0540000200271606,1.0360000133514404,1.0540000200271606,1.0820000171661377,

11. CHICK PEAS,21. Akumada/Dawla/Lekota Small,27.0,27.0,27.0,27.0,27.0,27.0,27.0,27.0,27.0,

11. CHICK PEAS,22. Akumada/Dawla/Lekota Large,34.91999816894531,32.66999816894531,28.34000015258789,34.91999816894531,34.91999816894531,34.91999816894531,34.91999816894531,34.91999816894531,34.91999816894531,

11. CHICK PEAS,31. Birchiko Small,0.1420000046491623,0.1420000046491623,0.1420000046491623,0.1420000046491623,0.1420000046491623,0.1420000046491623,0.1420000046491623,0.1420000046491623,0.1420000046491623,

11. CHICK PEAS,32. Birchiko Medium,0.181999996304512,0.181999996304512,0.181999996304512,0.181999996304512,0.181999996304512,0.181999996304512,0.181999996304512,0.181999996304512,0.181999996304512,

11. CHICK PEAS,33. Birchiko Large,0.2660000026226043,0.2660000026226043,0.2660000026226043,0.2660000026226043,0.2750000059604645,0.2660000026226043,0.2569999992847442,0.2660000026226043,0.2660000026226043,

11. CHICK PEAS,81. Joniya/Kasha Small,36.46599960327149,34.5,32.0,38.525001525878906,35.25,36.46599960327149,41.0,36.46599960327149,36.46599960327149,

11. CHICK PEAS,82. Joniya/Kasha Medium,67.93199920654297,60.5,62.83300018310547,61.75,60.75,67.93199920654297,67.93199920654297,67.93199920654297,67.93199920654297,

11. CHICK PEAS,83. Joniya/Kasha Large,,,,,,,,,,

11. CHICK PEAS,92. Kerchat/Kemba Medium,25.0,25.0,25.0,25.0,25.0,25.0,25.0,25.0,25.0,

11. CHICK PEAS,101. Kubaya/Cup Small,0.2549999952316284,0.2549999952316284,0.2549999952316284,0.2129999995231628,0.2549999952316284,0.2619999945163727,0.277999997138977,0.2549999952316284,0.2549999952316284,

11. CHICK PEAS,102. Kubaya/Cup Medium,0.3059999942779541,0.3300000131130218,0.2899999916553497,0.3079999983310699,0.2899999916553497,0.3149999976158142,0.2919999957084656,0.3059999942779541,0.3059999942779541,

11. CHICK PEAS,103. Kubaya/Cup Large,0.6769999861717224,0.6769999861717224,0.6769999861717224,0.6769999861717224,0.6119999885559082,0.6349999904632568,0.640999972820282,0.6000000238418579,0.6769999861717224,

11. CHICK PEAS,111. Kunna/Mishe/Kefer/Enkib Small,6.190999984741211,6.190999984741211,5.7170000076293945,6.747000217437744,6.190999984741211,6.190999984741211,6.190999984741211,6.190999984741211,6.190999984741211,

11. CHICK PEAS,112. Kunna/Mishe/Kefer/Enkib Medium,11.072999954223633,9.871999740600586,9.364999771118164,11.411999702453612,12.281999588012695,11.072999954223633,11.072999954223633,11.072999954223633,11.072999954223633,

11. CHICK PEAS,113. Kunna/Mishe/Kefer/Enkib Large,21.83300018310547,25.26000022888184,21.83300018310547,21.83300018310547,21.83300018310547,21.83300018310547,21.83300018310547,21.83300018310547,21.83300018310547,

11. CHICK PEAS,121. Madaberia/Nuse/Shera/Cheret Small,36.46599960327149,34.5,32.0,38.525001525878906,35.25,36.46599960327149,41.0,36.46599960327149,36.46599960327149,

11. CHICK PEAS,122. Madaberia/Nuse/Shera/Cheret Medium,67.93199920654297,60.5,62.83300018310547,61.75,60.75,67.93199920654297,67.93199920654297,67.93199920654297,67.93199920654297,

11. CHICK PEAS,123. Madaberia/Nuse/Shera/Cheret Large,,,,,,,,,,

11. CHICK PEAS,151. Sahin Small,0.875,0.875,0.875,0.875,0.875,0.875,0.875,0.875,0.875,Used jog ratio for teff to estimate container CF

11. CHICK PEAS,152. Sahin Medium,1.4110000133514404,1.4110000133514404,1.4110000133514404,1.4110000133514404,1.4110000133514404,1.4110000133514404,1.4110000133514404,1.4110000133514404,1.4110000133514404,Used jog ratio for teff to estimate container CF

11. CHICK PEAS,153. Sahin Large,2.358999967575073,2.358999967575073,2.358999967575073,2.358999967575073,2.358999967575073,2.358999967575073,2.358999967575073,2.358999967575073,2.358999967575073,Used jog ratio for teff to estimate container CF

11. CHICK PEAS,171. Sini Small,0.0540000014007091,0.0540000014007091,0.0540000014007091,0.0540000014007091,0.0540000014007091,0.0540000014007091,0.0540000014007091,0.0540000014007091,0.0540000014007091,Used jog ratio for teff to estimate container CF

11. CHICK PEAS,172. Sini Medium,0.090999998152256,0.090999998152256,0.090999998152256,0.090999998152256,0.090999998152256,0.090999998152256,0.090999998152256,0.090999998152256,0.090999998152256,Used jog ratio for teff to estimate container CF

11. CHICK PEAS,181. Tasa/Tanika/Shember/Selemon Small,0.4120000004768371,0.3700000047683716,0.4120000004768371,0.4120000004768371,0.367000013589859,0.4120000004768371,0.4120000004768371,0.4120000004768371,0.3569999933242798,

11. CHICK PEAS,182. Tasa/Tanika/Shember/Selemon Medium,0.7730000019073486,0.7310000061988831,0.7229999899864197,0.7429999709129333,0.7979999780654907,0.7730000019073486,0.777999997138977,0.7730000019073486,0.7730000019073486,

11. CHICK PEAS,183. Tasa/Tanika/Shember/Selemon Large,1.0540000200271606,1.2350000143051147,1.25,1.0199999809265137,1.0540000200271606,1.0540000200271606,1.0199999809265137,1.0540000200271606,0.975000023841858,

12. HARICOT BEANS,1. Kilogram,1.0,1.0,1.0,1.0,1.0,1.0,1.0,1.0,1.0,

12. HARICOT BEANS,3. Quintal,,,,,,,,,,

12. HARICOT BEANS,8. Jog,1.008999943733215,1.008999943733215,1.008999943733215,1.008999943733215,1.0579999685287476,1.008999943733215,0.9430000185966492,1.008999943733215,1.059999942779541,

12. HARICOT BEANS,21. Akumada/Dawla/Lekota Small,30.57999992370605,30.57999992370605,30.57999992370605,30.57999992370605,30.57999992370605,30.57999992370605,30.57999992370605,30.57999992370605,30.57999992370605,Used jog ratio for teff to estimate container CF

12. HARICOT BEANS,22. Akumada/Dawla/Lekota Large,49.42900085449219,49.42900085449219,49.42900085449219,49.42900085449219,49.42900085449219,49.42900085449219,49.42900085449219,49.42900085449219,49.42900085449219,Used jog ratio for teff to estimate container CF

12. HARICOT BEANS,31. Birchiko Small,0.1620000004768371,0.1620000004768371,0.1620000004768371,0.1620000004768371,0.1620000004768371,0.1620000004768371,0.1620000004768371,0.1620000004768371,0.1620000004768371,

12. HARICOT BEANS,32. Birchiko Medium,0.19200000166893,0.19200000166893,0.19200000166893,0.19200000166893,0.19200000166893,0.19200000166893,0.19200000166893,0.19200000166893,0.19200000166893,

12. HARICOT BEANS,33. Birchiko Large,0.277999997138977,0.277999997138977,0.277999997138977,0.277999997138977,0.3000000119209289,0.277999997138977,0.2669999897480011,0.277999997138977,0.277999997138977,

12. HARICOT BEANS,81. Joniya/Kasha Small,48.375,48.375,48.375,48.375,48.25,48.375,48.375,48.375,48.375,

12. HARICOT BEANS,82. Joniya/Kasha Medium,,,,,,,,,,

12. HARICOT BEANS,83. Joniya/Kasha Large,,,,,,,,,,

12. HARICOT BEANS,101. Kubaya/Cup Small,0.2739999890327453,0.2739999890327453,0.2739999890327453,0.2849999964237213,0.2450000047683715,0.2750000059604645,0.2820000052452087,0.2739999890327453,0.2739999890327453,

12. HARICOT BEANS,102. Kubaya/Cup Medium,0.3429999947547912,0.3429999947547912,0.3400000035762787,0.3219999969005584,0.3429999947547912,0.3429999947547912,0.3510000109672546,0.3429999947547912,0.3429999947547912,

12. HARICOT BEANS,103. Kubaya/Cup Large,0.7200000286102295,0.7200000286102295,0.7200000286102295,0.7200000286102295,0.5870000123977661,0.6150000095367432,0.7749999761581421,0.7200000286102295,0.7200000286102295,

12. HARICOT BEANS,111. Kunna/Mishe/Kefer/Enkib Small,5.995999813079834,5.995999813079834,5.995999813079834,5.995999813079834,5.995999813079834,5.995999813079834,5.995999813079834,5.995999813079834,5.995999813079834,Used jog ratio for teff to estimate container CF

12. HARICOT BEANS,112. Kunna/Mishe/Kefer/Enkib Medium,10.850000381469728,10.850000381469728,10.850000381469728,10.850000381469728,10.850000381469728,10.850000381469728,10.850000381469728,10.850000381469728,10.850000381469728,Used jog ratio for teff to estimate container CF

12. HARICOT BEANS,113. Kunna/Mishe/Kefer/Enkib Large,24.551000595092773,24.551000595092773,24.551000595092773,24.551000595092773,24.551000595092773,24.551000595092773,24.551000595092773,24.551000595092773,24.551000595092773,Used jog ratio for teff to estimate container CF

12. HARICOT BEANS,121. Madaberia/Nuse/Shera/Cheret Small,48.375,48.375,48.375,48.375,48.25,48.375,48.375,48.375,48.375,

12. HARICOT BEANS,122. Madaberia/Nuse/Shera/Cheret Medium,,,,,,,,,,

12. HARICOT BEANS,123. Madaberia/Nuse/Shera/Cheret Large,,,,,,,,,,

12. HARICOT BEANS,151. Sahin Small,0.8370000123977661,0.8370000123977661,0.8370000123977661,0.8370000123977661,0.8370000123977661,0.8370000123977661,0.8370000123977661,0.8370000123977661,0.8370000123977661,Used jog ratio for teff to estimate container CF

12. HARICOT BEANS,152. Sahin Medium,1.35099995136261,1.35099995136261,1.35099995136261,1.35099995136261,1.35099995136261,1.35099995136261,1.35099995136261,1.35099995136261,1.35099995136261,Used jog ratio for teff to estimate container CF

12. HARICOT BEANS,153. Sahin Large,2.257999897003174,2.257999897003174,2.257999897003174,2.257999897003174,2.257999897003174,2.257999897003174,2.257999897003174,2.257999897003174,2.257999897003174,Used jog ratio for teff to estimate container CF

12. HARICOT BEANS,171. Sini Small,0.0509999990463256,0.0509999990463256,0.0509999990463256,0.0509999990463256,0.0509999990463256,0.0509999990463256,0.0509999990463256,0.0509999990463256,0.0509999990463256,Used jog ratio for teff to estimate container CF

12. HARICOT BEANS,172. Sini Medium,0.0879999995231628,0.0879999995231628,0.0879999995231628,0.0879999995231628,0.0879999995231628,0.0879999995231628,0.0879999995231628,0.0879999995231628,0.0879999995231628,Used jog ratio for teff to estimate container CF

12. HARICOT BEANS,181. Tasa/Tanika/Shember/Selemon Small,0.3429999947547912,0.3429999947547912,0.3429999947547912,0.2849999964237213,0.3580000102519989,0.3429999947547912,0.296999990940094,0.3429999947547912,0.3429999947547912,

12. HARICOT BEANS,182. Tasa/Tanika/Shember/Selemon Medium,0.7850000262260437,0.7850000262260437,0.7850000262260437,0.7850000262260437,0.7900000214576721,0.7850000262260437,0.7680000066757202,0.7850000262260437,0.9350000023841858,

12. HARICOT BEANS,183. Tasa/Tanika/Shember/Selemon Large,1.0329999923706057,1.0329999923706057,1.0329999923706057,1.0329999923706057,1.0329999923706057,1.0329999923706057,1.0390000343322754,1.0329999923706057,0.959999978542328,

13. HORSE BEANS,1. Kilogram,1.0,1.0,1.0,1.0,1.0,1.0,1.0,1.0,1.0,

13. HORSE BEANS,2. Gram,0.0010000000474974,0.0010000000474974,0.0010000000474974,0.0010000000474974,0.0010000000474974,0.0010000000474974,0.0010000000474974,0.0010000000474974,0.0010000000474974,

13. HORSE BEANS,3. Quintal,,,,,,,,,,

13. HORSE BEANS,8. Jog,1.034999966621399,0.9900000095367432,1.034999966621399,1.0499999523162842,1.0800000429153442,1.034999966621399,1.02400004863739,1.034999966621399,1.0199999809265137,

13. HORSE BEANS,21. Akumada/Dawla/Lekota Small,33.625,34.5,31.0,33.625,33.625,33.625,33.625,33.625,33.625,

13. HORSE BEANS,22. Akumada/Dawla/Lekota Large,62.5,58.0,62.5,67.0,62.5,62.5,62.5,62.5,62.5,

13. HORSE BEANS,31. Birchiko Small,0.1599999964237213,0.1599999964237213,0.1599999964237213,0.1599999964237213,0.1599999964237213,0.1599999964237213,0.1599999964237213,0.1599999964237213,0.1599999964237213,

13. HORSE BEANS,32. Birchiko Medium,0.25,0.25,0.25,0.25,0.25,0.25,0.25,0.25,0.25,

13. HORSE BEANS,33. Birchiko Large,0.2639999985694885,0.2639999985694885,0.2639999985694885,0.2639999985694885,0.270000010728836,0.2639999985694885,0.2569999992847442,0.2639999985694885,0.2639999985694885,

13. HORSE BEANS,81. Joniya/Kasha Small,34.375999450683594,32.66699981689453,34.0,36.25,33.75,31.0,31.57699966430664,34.375999450683594,34.375999450683594,

13. HORSE BEANS,82. Joniya/Kasha Medium,66.91400146484375,65.92900085449219,63.0,60.5629997253418,,66.91400146484375,69.5,66.91400146484375,66.91400146484375,

13. HORSE BEANS,83. Joniya/Kasha Large,,,,,,,,,,

13. HORSE BEANS,92. Kerchat/Kemba Medium,30.0,30.0,30.0,30.0,30.0,30.0,30.0,30.0,30.0,

13. HORSE BEANS,101. Kubaya/Cup Small,0.2800000011920929,0.2800000011920929,0.2800000011920929,0.2800000011920929,0.2720000147819519,0.2800000011920929,0.2820000052452087,0.2800000011920929,0.2800000011920929,

13. HORSE BEANS,102. Kubaya/Cup Medium,0.3880000114440918,0.3729999959468841,0.324999988079071,0.3149999976158142,0.3880000114440918,0.3880000114440918,0.4050000011920929,0.3880000114440918,0.3880000114440918,

13. HORSE BEANS,103. Kubaya/Cup Large,0.7820000052452087,0.7820000052452087,0.7820000052452087,0.7820000052452087,0.7540000081062317,0.6449999809265137,0.8880000114440918,0.7820000052452087,0.7820000052452087,

13. HORSE BEANS,111. Kunna/Mishe/Kefer/Enkib Small,6.493000030517578,5.449999809265137,5.9730000495910645,7.03000020980835,6.869999885559082,6.493000030517578,6.493000030517578,6.493000030517578,6.493000030517578,

13. HORSE BEANS,112. Kunna/Mishe/Kefer/Enkib Medium,11.585000038146973,11.392999649047852,9.449999809265137,12.302000045776367,10.0,11.585000038146973,11.585000038146973,11.585000038146973,11.585000038146973,

13. HORSE BEANS,113. Kunna/Mishe/Kefer/Enkib Large,25.124000549316406,25.124000549316406,29.0,25.124000549316406,25.124000549316406,25.124000549316406,25.124000549316406,25.124000549316406,25.124000549316406,

13. HORSE BEANS,121. Madaberia/Nuse/Shera/Cheret Small,34.375999450683594,32.66699981689453,34.0,36.25,33.75,31.0,31.57699966430664,34.375999450683594,34.375999450683594,

13. HORSE BEANS,122. Madaberia/Nuse/Shera/Cheret Medium,66.91400146484375,65.92900085449219,63.0,60.5629997253418,,66.91400146484375,69.5,66.91400146484375,66.91400146484375,

13. HORSE BEANS,123. Madaberia/Nuse/Shera/Cheret Large,,,,,,,,,,

13. HORSE BEANS,151. Sahin Small,0.915000021457672,0.915000021457672,1.0800000429153442,1.0800000429153442,0.915000021457672,0.915000021457672,0.8740000128746033,0.915000021457672,0.915000021457672,

13. HORSE BEANS,152. Sahin Medium,1.4639999866485596,1.4639999866485596,1.4639999866485596,1.5399999618530271,1.4639999866485596,1.4639999866485596,1.4320000410079956,1.4639999866485596,1.4639999866485596,

13. HORSE BEANS,153. Sahin Large,2.490999937057495,2.490999937057495,2.490999937057495,2.490999937057495,2.490999937057495,2.490999937057495,2.490999937057495,2.490999937057495,2.490999937057495,

13. HORSE BEANS,171. Sini Small,0.0529999993741512,0.0529999993741512,0.0529999993741512,0.0529999993741512,0.0529999993741512,0.0529999993741512,0.0529999993741512,0.0529999993741512,0.0529999993741512,Used jog ratio for teff to estimate container CF

13. HORSE BEANS,172. Sini Medium,0.0900000035762786,0.0900000035762786,0.0900000035762786,0.0900000035762786,0.0900000035762786,0.0900000035762786,0.0900000035762786,0.0900000035762786,0.0900000035762786,Used jog ratio for teff to estimate container CF

13. HORSE BEANS,181. Tasa/Tanika/Shember/Selemon Small,0.3939999938011169,0.3700000047683716,0.3939999938011169,0.3939999938011169,0.3939999938011169,0.3939999938011169,0.3939999938011169,0.3939999938011169,0.3939999938011169,

13. HORSE BEANS,182. Tasa/Tanika/Shember/Selemon Medium,0.781000018119812,0.75,0.781000018119812,0.7390000224113464,0.7480000257492065,0.781000018119812,0.7979999780654907,0.781000018119812,0.9200000166893004,

13. HORSE BEANS,183. Tasa/Tanika/Shember/Selemon Large,1.0959999561309814,1.2369999885559082,1.2300000190734863,0.9850000143051147,1.0959999561309814,1.0959999561309814,1.0570000410079956,1.0959999561309814,0.9800000190734864,

14. LENTILS,1. Kilogram,1.0,1.0,1.0,1.0,1.0,1.0,1.0,1.0,1.0,

14. LENTILS,2. Gram,0.0010000000474974,0.0010000000474974,0.0010000000474974,0.0010000000474974,0.0010000000474974,0.0010000000474974,0.0010000000474974,0.0010000000474974,0.0010000000474974,

14. LENTILS,3. Quintal,,,,,,,,,,

14. LENTILS,8. Jog,1.0770000219345093,0.9900000095367432,1.0770000219345093,1.0720000267028809,1.125,1.0770000219345093,1.0529999732971191,1.0770000219345093,1.2000000476837158,

14. LENTILS,21. Akumada/Dawla/Lekota Small,29.0,29.0,29.0,29.0,29.0,29.0,29.0,29.0,29.0,

14. LENTILS,22. Akumada/Dawla/Lekota Large,38.650001525878906,36.650001525878906,38.650001525878906,38.650001525878906,38.650001525878906,38.650001525878906,38.650001525878906,38.650001525878906,38.650001525878906,

14. LENTILS,31. Birchiko Small,0.1500000059604644,0.1500000059604644,0.1500000059604644,0.1500000059604644,0.1500000059604644,0.1500000059604644,0.1500000059604644,0.1500000059604644,0.1500000059604644,

14. LENTILS,32. Birchiko Medium,0.1850000023841858,0.1850000023841858,0.1850000023841858,0.1850000023841858,0.1850000023841858,0.1850000023841858,0.1850000023841858,0.1850000023841858,0.1850000023841858,

14. LENTILS,33. Birchiko Large,0.324999988079071,0.324999988079071,0.324999988079071,0.324999988079071,0.324999988079071,0.324999988079071,0.324999988079071,0.324999988079071,0.324999988079071,

14. LENTILS,81. Joniya/Kasha Small,38.2859992980957,36.09999847412109,37.0,40.2140007019043,38.2859992980957,38.2859992980957,38.2859992980957,38.2859992980957,38.2859992980957,

14. LENTILS,82. Joniya/Kasha Medium,65.57099914550781,66.9000015258789,68.66699981689453,63.09999847412109,62.0,65.57099914550781,65.57099914550781,65.57099914550781,65.57099914550781,

14. LENTILS,83. Joniya/Kasha Large,,,,,,,,,,

14. LENTILS,101. Kubaya/Cup Small,0.2910000085830688,0.2910000085830688,0.2910000085830688,0.2910000085830688,0.2910000085830688,0.2910000085830688,0.2910000085830688,0.2910000085830688,0.2910000085830688,Used jog ratio for teff to estimate container CF

14. LENTILS,102. Kubaya/Cup Medium,0.375,0.375,0.375,0.375,0.375,0.375,0.375,0.375,0.375,Used jog ratio for teff to estimate container CF

14. LENTILS,103. Kubaya/Cup Large,0.7620000243186951,0.7620000243186951,0.7620000243186951,0.7620000243186951,0.7620000243186951,0.7620000243186951,0.7620000243186951,0.7620000243186951,0.7620000243186951,Used jog ratio for teff to estimate container CF

14. LENTILS,111. Kunna/Mishe/Kefer/Enkib Small,6.136000156402588,6.122000217437744,6.4720001220703125,5.65500020980835,6.136000156402588,6.136000156402588,6.136000156402588,6.136000156402588,6.136000156402588,

14. LENTILS,112. Kunna/Mishe/Kefer/Enkib Medium,11.701000213623049,10.274999618530272,10.56999969482422,12.767000198364258,11.701000213623049,11.701000213623049,11.701000213623049,11.701000213623049,11.701000213623049,

14. LENTILS,113. Kunna/Mishe/Kefer/Enkib Large,25.468000411987305,25.18199920654297,25.468000411987305,25.468000411987305,25.468000411987305,25.468000411987305,25.468000411987305,25.468000411987305,25.468000411987305,

14. LENTILS,121. Madaberia/Nuse/Shera/Cheret Small,38.2859992980957,36.09999847412109,37.0,40.2140007019043,38.2859992980957,38.2859992980957,38.2859992980957,38.2859992980957,38.2859992980957,

14. LENTILS,122. Madaberia/Nuse/Shera/Cheret Medium,65.57099914550781,66.9000015258789,68.66699981689453,63.09999847412109,62.0,65.57099914550781,65.57099914550781,65.57099914550781,65.57099914550781,

14. LENTILS,123. Madaberia/Nuse/Shera/Cheret Large,,,,,,,,,,

14. LENTILS,151. Sahin Small,0.8939999938011169,0.8939999938011169,0.8939999938011169,0.8939999938011169,0.8939999938011169,0.8939999938011169,0.8939999938011169,0.8939999938011169,0.8939999938011169,Used jog ratio for teff to estimate container CF

14. LENTILS,152. Sahin Medium,1.4420000314712524,1.4420000314712524,1.4420000314712524,1.4420000314712524,1.4420000314712524,1.4420000314712524,1.4420000314712524,1.4420000314712524,1.4420000314712524,Used jog ratio for teff to estimate container CF

14. LENTILS,153. Sahin Large,2.4100000858306885,2.4100000858306885,2.4100000858306885,2.4100000858306885,2.4100000858306885,2.4100000858306885,2.4100000858306885,2.4100000858306885,2.4100000858306885,Used jog ratio for teff to estimate container CF

14. LENTILS,171. Sini Small,0.0549999997019767,0.0549999997019767,0.0549999997019767,0.0549999997019767,0.0549999997019767,0.0549999997019767,0.0549999997019767,0.0549999997019767,0.0549999997019767,Used jog ratio for teff to estimate container CF

14. LENTILS,172. Sini Medium,0.0930000022053718,0.0930000022053718,0.0930000022053718,0.0930000022053718,0.0930000022053718,0.0930000022053718,0.0930000022053718,0.0930000022053718,0.0930000022053718,Used jog ratio for teff to estimate container CF

14. LENTILS,181. Tasa/Tanika/Shember/Selemon Small,0.5839999914169312,0.5839999914169312,0.5839999914169312,0.5839999914169312,0.5320000052452087,0.5839999914169312,0.6990000009536743,0.5839999914169312,0.550000011920929,

14. LENTILS,182. Tasa/Tanika/Shember/Selemon Medium,0.925000011920929,0.7799999713897705,0.925000011920929,0.8489999771118164,0.8199999928474426,0.925000011920929,0.984000027179718,0.925000011920929,0.9980000257492064,

14. LENTILS,183. Tasa/Tanika/Shember/Selemon Large,1.2450000047683716,1.3380000591278076,1.3300000429153442,1.2920000553131104,1.2450000047683716,1.2450000047683716,1.1330000162124634,1.2450000047683716,1.2450000047683716,

15. FIELD PEAS,1. Kilogram,1.0,1.0,1.0,1.0,1.0,1.0,1.0,1.0,1.0,

15. FIELD PEAS,2. Gram,0.0010000000474974,0.0010000000474974,0.0010000000474974,0.0010000000474974,0.0010000000474974,0.0010000000474974,0.0010000000474974,0.0010000000474974,0.0010000000474974,

15. FIELD PEAS,3. Quintal,,,,,,,,,,

15. FIELD PEAS,8. Jog,1.0579999685287476,0.9950000047683716,1.0579999685287476,1.187999963760376,0.9850000143051147,1.0579999685287476,1.0230000019073486,1.0579999685287476,1.065000057220459,

15. FIELD PEAS,21. Akumada/Dawla/Lekota Small,28.792999267578125,28.34499931335449,29.690000534057617,28.792999267578125,28.792999267578125,28.792999267578125,28.792999267578125,28.792999267578125,28.792999267578125,

15. FIELD PEAS,22. Akumada/Dawla/Lekota Large,60.66699981689453,60.66699981689453,60.66699981689453,70.5,60.66699981689453,60.66699981689453,60.66699981689453,60.66699981689453,60.66699981689453,

15. FIELD PEAS,31. Birchiko Small,0.1679999977350235,0.1679999977350235,0.1679999977350235,0.1679999977350235,0.1679999977350235,0.1679999977350235,0.1679999977350235,0.1679999977350235,0.1679999977350235,

15. FIELD PEAS,32. Birchiko Medium,0.2549999952316284,0.2549999952316284,0.2549999952316284,0.2549999952316284,0.2549999952316284,0.2549999952316284,0.2549999952316284,0.2549999952316284,0.2549999952316284,

15. FIELD PEAS,33. Birchiko Large,0.2870000004768371,0.2870000004768371,0.2870000004768371,0.2870000004768371,0.2870000004768371,0.2870000004768371,0.2899999916553497,0.2870000004768371,0.2870000004768371,

15. FIELD PEAS,81. Joniya/Kasha Small,33.98099899291992,32.125,32.0,35.974998474121094,31.41699981689453,33.98099899291992,37.39500045776367,33.98099899291992,33.98099899291992,

15. FIELD PEAS,82. Joniya/Kasha Medium,69.22000122070312,63.25,64.0,58.8129997253418,,69.22000122070312,69.22000122070312,,69.22000122070312,

15. FIELD PEAS,83. Joniya/Kasha Large,,,,,,,,,,

15. FIELD PEAS,92. Kerchat/Kemba Medium,25.729999542236328,25.729999542236328,25.729999542236328,25.729999542236328,25.729999542236328,25.729999542236328,25.729999542236328,25.729999542236328,25.729999542236328,

15. FIELD PEAS,101. Kubaya/Cup Small,0.2730000019073486,0.2730000019073486,0.2730000019073486,0.2849999964237213,0.2349999994039535,0.2730000019073486,0.2829999923706054,0.2730000019073486,0.2730000019073486,

15. FIELD PEAS,102. Kubaya/Cup Medium,0.3989999890327453,0.4250000119209289,0.3989999890327453,0.3989999890327453,0.3989999890327453,0.3989999890327453,0.3810000121593475,0.3989999890327453,0.3989999890327453,

15. FIELD PEAS,103. Kubaya/Cup Large,0.7789999842643738,0.7789999842643738,0.7789999842643738,0.7789999842643738,0.6320000290870667,0.7789999842643738,0.8930000066757202,0.7789999842643738,0.7789999842643738,

15. FIELD PEAS,111. Kunna/Mishe/Kefer/Enkib Small,6.059000015258789,5.183000087738037,5.849999904632568,6.828000068664551,6.150000095367432,6.059000015258789,6.059000015258789,6.059000015258789,6.059000015258789,

15. FIELD PEAS,112. Kunna/Mishe/Kefer/Enkib Medium,11.065999984741213,9.916999816894531,9.80500030517578,11.888999938964844,11.479999542236328,11.065999984741213,11.065999984741213,11.065999984741213,11.065999984741213,

15. FIELD PEAS,113. Kunna/Mishe/Kefer/Enkib Large,25.086000442504883,28.558000564575195,28.34499931335449,25.086000442504883,25.086000442504883,25.086000442504883,25.086000442504883,25.086000442504883,25.086000442504883,

15. FIELD PEAS,121. Madaberia/Nuse/Shera/Cheret Small,33.98099899291992,32.125,32.0,35.974998474121094,31.41699981689453,33.98099899291992,37.39500045776367,33.98099899291992,33.98099899291992,

15. FIELD PEAS,122. Madaberia/Nuse/Shera/Cheret Medium,69.22000122070312,63.25,64.0,58.8129997253418,,69.22000122070312,69.22000122070312,,69.22000122070312,

15. FIELD PEAS,123. Madaberia/Nuse/Shera/Cheret Large,,,,,,,,,,

15. FIELD PEAS,151. Sahin Small,0.8420000076293945,0.8420000076293945,0.8420000076293945,0.8420000076293945,0.8420000076293945,0.8420000076293945,0.8420000076293945,0.8420000076293945,0.8420000076293945,

15. FIELD PEAS,152. Sahin Medium,1.430999994277954,1.430999994277954,1.430999994277954,1.4769999980926514,1.430999994277954,1.430999994277954,1.4170000553131104,1.430999994277954,1.430999994277954,

15. FIELD PEAS,153. Sahin Large,2.351999998092652,2.351999998092652,2.351999998092652,2.351999998092652,2.351999998092652,2.351999998092652,2.437000036239624,2.351999998092652,2.351999998092652,

15. FIELD PEAS,171. Sini Small,0.0540000014007091,0.0540000014007091,0.0540000014007091,0.0540000014007091,0.0540000014007091,0.0540000014007091,0.0540000014007091,0.0540000014007091,0.0540000014007091,Used jog ratio for teff to estimate container CF

15. FIELD PEAS,172. Sini Medium,0.0920000001788139,0.0920000001788139,0.0920000001788139,0.0920000001788139,0.0920000001788139,0.0920000001788139,0.0920000001788139,0.0920000001788139,0.0920000001788139,Used jog ratio for teff to estimate container CF

15. FIELD PEAS,181. Tasa/Tanika/Shember/Selemon Small,0.4779999852180481,0.5429999828338623,0.4779999852180481,0.3849999904632568,0.4779999852180481,0.4779999852180481,0.4779999852180481,0.4779999852180481,0.4779999852180481,

15. FIELD PEAS,182. Tasa/Tanika/Shember/Selemon Medium,0.8090000152587891,0.7300000190734863,0.8090000152587891,0.7429999709129333,0.7979999780654907,0.8090000152587891,0.8130000233650208,0.8090000152587891,0.949999988079071,

15. FIELD PEAS,183. Tasa/Tanika/Shember/Selemon Large,1.100000023841858,1.2599999904632568,1.274999976158142,1.0149999856948853,1.100000023841858,1.100000023841858,1.0709999799728394,1.100000023841858,1.100000023841858,

16. VETCH,1. Kilogram,1.0,1.0,1.0,1.0,1.0,1.0,1.0,1.0,1.0,

16. VETCH,3. Quintal,,,,,,,,,,

16. VETCH,8. Jog,1.0859999656677246,1.0859999656677246,1.0859999656677246,1.065000057220459,1.0449999570846558,1.0859999656677246,1.0700000524520874,1.0859999656677246,1.125,

16. VETCH,9. Melekiya,0.2000000029802322,0.2000000029802322,0.2000000029802322,0.2000000029802322,0.2000000029802322,0.2000000029802322,0.2000000029802322,0.2000000029802322,0.2000000029802322,

16. VETCH,21. Akumada/Dawla/Lekota Small,32.90399932861328,32.90399932861328,32.90399932861328,32.90399932861328,32.90399932861328,32.90399932861328,32.90399932861328,32.90399932861328,32.90399932861328,Used jog ratio for teff to estimate container CF

16. VETCH,22. Akumada/Dawla/Lekota Large,53.18600082397461,53.18600082397461,53.18600082397461,53.18600082397461,53.18600082397461,53.18600082397461,53.18600082397461,53.18600082397461,53.18600082397461,Used jog ratio for teff to estimate container CF

16. VETCH,31. Birchiko Small,0.1500000059604644,0.1500000059604644,0.1500000059604644,0.1500000059604644,0.1500000059604644,0.1500000059604644,0.1500000059604644,0.1500000059604644,0.1500000059604644,

16. VETCH,32. Birchiko Medium,0.1899999976158142,0.1899999976158142,0.1899999976158142,0.1899999976158142,0.1899999976158142,0.1899999976158142,0.1899999976158142,0.1899999976158142,0.1899999976158142,

16. VETCH,33. Birchiko Large,0.270000010728836,0.270000010728836,0.270000010728836,0.270000010728836,0.2899999916553497,0.270000010728836,0.25,0.270000010728836,0.270000010728836,

16. VETCH,81. Joniya/Kasha Small,38.81600189208984,35.16699981689453,36.0,39.0,38.81600189208984,38.81600189208984,38.81600189208984,38.81600189208984,38.81600189208984,

16. VETCH,82. Joniya/Kasha Medium,69.55599975585938,63.5,66.25,,62.0,69.55599975585938,57.5,,69.55599975585938,

16. VETCH,83. Joniya/Kasha Large,,,,,,,,,,

16. VETCH,92. Kerchat/Kemba Medium,25.0,25.0,25.0,25.0,25.0,25.0,25.0,25.0,25.0,

16. VETCH,101. Kubaya/Cup Small,0.2930000126361847,0.2930000126361847,0.2930000126361847,0.2930000126361847,0.2930000126361847,0.2930000126361847,0.2930000126361847,0.2930000126361847,0.2930000126361847,Used jog ratio for teff to estimate container CF

16. VETCH,102. Kubaya/Cup Medium,0.3779999911785126,0.3779999911785126,0.3779999911785126,0.3779999911785126,0.3779999911785126,0.3779999911785126,0.3779999911785126,0.3779999911785126,0.3779999911785126,Used jog ratio for teff to estimate container CF

16. VETCH,103. Kubaya/Cup Large,0.7680000066757202,0.7680000066757202,0.7680000066757202,0.7680000066757202,0.7680000066757202,0.7680000066757202,0.7680000066757202,0.7680000066757202,0.7680000066757202,Used jog ratio for teff to estimate container CF

16. VETCH,111. Kunna/Mishe/Kefer/Enkib Small,9.083999633789062,9.61299991607666,9.906999588012695,9.083999633789062,9.083999633789062,9.083999633789062,9.083999633789062,9.083999633789062,9.083999633789062,

16. VETCH,112. Kunna/Mishe/Kefer/Enkib Medium,10.963000297546388,11.25,11.390000343322754,9.873000144958496,12.515000343322754,10.963000297546388,10.963000297546388,10.963000297546388,10.963000297546388,

16. VETCH,113. Kunna/Mishe/Kefer/Enkib Large,18.927000045776367,18.927000045776367,18.927000045776367,18.927000045776367,18.927000045776367,18.927000045776367,18.927000045776367,18.927000045776367,18.927000045776367,

16. VETCH,121. Madaberia/Nuse/Shera/Cheret Small,38.81600189208984,35.16699981689453,36.0,39.0,38.81600189208984,38.81600189208984,38.81600189208984,38.81600189208984,38.81600189208984,

16. VETCH,122. Madaberia/Nuse/Shera/Cheret Medium,69.55599975585938,63.5,66.25,,62.0,69.55599975585938,57.5,,69.55599975585938,

16. VETCH,123. Madaberia/Nuse/Shera/Cheret Large,,,,,,,,,,

16. VETCH,151. Sahin Small,0.9010000228881836,0.9010000228881836,0.9010000228881836,0.9010000228881836,0.9010000228881836,0.9010000228881836,0.9010000228881836,0.9010000228881836,0.9010000228881836,Used jog ratio for teff to estimate container CF

16. VETCH,152. Sahin Medium,1.4529999494552612,1.4529999494552612,1.4529999494552612,1.4529999494552612,1.4529999494552612,1.4529999494552612,1.4529999494552612,1.4529999494552612,1.4529999494552612,Used jog ratio for teff to estimate container CF

16. VETCH,153. Sahin Large,2.428999900817871,2.428999900817871,2.428999900817871,2.428999900817871,2.428999900817871,2.428999900817871,2.428999900817871,2.428999900817871,2.428999900817871,Used jog ratio for teff to estimate container CF

16. VETCH,171. Sini Small,0.0549999997019767,0.0549999997019767,0.0549999997019767,0.0549999997019767,0.0549999997019767,0.0549999997019767,0.0549999997019767,0.0549999997019767,0.0549999997019767,

16. VETCH,172. Sini Medium,0.0799999982118606,0.0799999982118606,0.0799999982118606,0.0799999982118606,0.0799999982118606,0.0799999982118606,0.0799999982118606,0.0799999982118606,0.0799999982118606,

16. VETCH,181. Tasa/Tanika/Shember/Selemon Small,0.3070000112056732,0.3070000112056732,0.3070000112056732,0.3199999928474426,0.2949999868869781,0.3070000112056732,0.3100000023841858,0.3070000112056732,0.3070000112056732,

16. VETCH,182. Tasa/Tanika/Shember/Selemon Medium,0.781000018119812,0.7699999809265137,0.781000018119812,0.7870000004768372,0.7850000262260437,0.781000018119812,0.7699999809265137,0.781000018119812,0.781000018119812,

16. VETCH,183. Tasa/Tanika/Shember/Selemon Large,1.2580000162124634,1.343000054359436,1.347000002861023,1.0800000429153442,1.2580000162124634,1.2580000162124634,1.2580000162124634,1.2580000162124634,1.2580000162124634,

17. GIBTO,1. Kilogram,1.0,1.0,1.0,1.0,1.0,1.0,1.0,1.0,1.0,

17. GIBTO,3. Quintal,,,,,,,,,,

18. SOYA BEANS,1. Kilogram,1.0,1.0,1.0,1.0,1.0,1.0,1.0,1.0,1.0,

18. SOYA BEANS,3. Quintal,,,,,,,,,,

19. RED KIDENY BEANS,1. Kilogram,1.0,1.0,1.0,1.0,1.0,1.0,1.0,1.0,1.0,

19. RED KIDENY BEANS,2. Gram,0.0010000000474974,0.0010000000474974,0.0010000000474974,0.0010000000474974,0.0010000000474974,0.0010000000474974,0.0010000000474974,0.0010000000474974,0.0010000000474974,

19. RED KIDENY BEANS,3. Quintal,,,,,,,,,,

19. RED KIDENY BEANS,8. Jog,1.034999966621399,0.9900000095367432,1.034999966621399,1.0499999523162842,1.0800000429153442,1.034999966621399,1.02400004863739,1.034999966621399,1.0199999809265137,

19. RED KIDENY BEANS,21. Akumada/Dawla/Lekota Small,33.625,34.5,31.0,33.625,33.625,33.625,33.625,33.625,33.625,

19. RED KIDENY BEANS,22. Akumada/Dawla/Lekota Large,62.5,58.0,62.5,67.0,62.5,62.5,62.5,62.5,62.5,

19. RED KIDENY BEANS,31. Birchiko Small,0.1599999964237213,0.1599999964237213,0.1599999964237213,0.1599999964237213,0.1599999964237213,0.1599999964237213,0.1599999964237213,0.1599999964237213,0.1599999964237213,

19. RED KIDENY BEANS,32. Birchiko Medium,0.25,0.25,0.25,0.25,0.25,0.25,0.25,0.25,0.25,

19. RED KIDENY BEANS,33. Birchiko Large,0.2639999985694885,0.2639999985694885,0.2639999985694885,0.2639999985694885,0.270000010728836,0.2639999985694885,0.2569999992847442,0.2639999985694885,0.2639999985694885,

19. RED KIDENY BEANS,81. Joniya/Kasha Small,34.375999450683594,32.66699981689453,34.0,36.25,33.75,31.0,31.57699966430664,34.375999450683594,34.375999450683594,

19. RED KIDENY BEANS,82. Joniya/Kasha Medium,66.91400146484375,65.92900085449219,63.0,60.5629997253418,,66.91400146484375,69.5,66.91400146484375,66.91400146484375,

19. RED KIDENY BEANS,83. Joniya/Kasha Large,,,,,,,,,,

19. RED KIDENY BEANS,92. Kerchat/Kemba Medium,30.0,30.0,30.0,30.0,30.0,30.0,30.0,30.0,30.0,

19. RED KIDENY BEANS,101. Kubaya/Cup Small,0.2800000011920929,0.2800000011920929,0.2800000011920929,0.2800000011920929,0.2720000147819519,0.2800000011920929,0.2820000052452087,0.2800000011920929,0.2800000011920929,

19. RED KIDENY BEANS,102. Kubaya/Cup Medium,0.3880000114440918,0.3729999959468841,0.324999988079071,0.3149999976158142,0.3880000114440918,0.3880000114440918,0.4050000011920929,0.3880000114440918,0.3880000114440918,

19. RED KIDENY BEANS,103. Kubaya/Cup Large,0.7820000052452087,0.7820000052452087,0.7820000052452087,0.7820000052452087,0.7540000081062317,0.6449999809265137,0.8880000114440918,0.7820000052452087,0.7820000052452087,

19. RED KIDENY BEANS,111. Kunna/Mishe/Kefer/Enkib Small,6.493000030517578,5.449999809265137,5.9730000495910645,7.03000020980835,6.869999885559082,6.493000030517578,6.493000030517578,6.493000030517578,6.493000030517578,

19. RED KIDENY BEANS,112. Kunna/Mishe/Kefer/Enkib Medium,11.585000038146973,11.392999649047852,9.449999809265137,12.302000045776367,10.0,11.585000038146973,11.585000038146973,11.585000038146973,11.585000038146973,

19. RED KIDENY BEANS,113. Kunna/Mishe/Kefer/Enkib Large,25.124000549316406,25.124000549316406,29.0,25.124000549316406,25.124000549316406,25.124000549316406,25.124000549316406,25.124000549316406,25.124000549316406,

19. RED KIDENY BEANS,121. Madaberia/Nuse/Shera/Cheret Small,34.375999450683594,32.66699981689453,34.0,36.25,33.75,31.0,31.57699966430664,34.375999450683594,34.375999450683594,

19. RED KIDENY BEANS,122. Madaberia/Nuse/Shera/Cheret Medium,66.91400146484375,65.92900085449219,63.0,60.5629997253418,,66.91400146484375,69.5,66.91400146484375,66.91400146484375,

19. RED KIDENY BEANS,123. Madaberia/Nuse/Shera/Cheret Large,,,,,,,,,,

19. RED KIDENY BEANS,151. Sahin Small,0.915000021457672,0.915000021457672,1.0800000429153442,1.0800000429153442,0.915000021457672,0.915000021457672,0.8740000128746033,0.915000021457672,0.915000021457672,

19. RED KIDENY BEANS,152. Sahin Medium,1.4639999866485596,1.4639999866485596,1.4639999866485596,1.5399999618530271,1.4639999866485596,1.4639999866485596,1.4320000410079956,1.4639999866485596,1.4639999866485596,

19. RED KIDENY BEANS,153. Sahin Large,2.490999937057495,2.490999937057495,2.490999937057495,2.490999937057495,2.490999937057495,2.490999937057495,2.490999937057495,2.490999937057495,2.490999937057495,

19. RED KIDENY BEANS,171. Sini Small,0.0529999993741512,0.0529999993741512,0.0529999993741512,0.0529999993741512,0.0529999993741512,0.0529999993741512,0.0529999993741512,0.0529999993741512,0.0529999993741512,Used jog ratio for teff to estimate container CF

19. RED KIDENY BEANS,172. Sini Medium,0.0900000035762786,0.0900000035762786,0.0900000035762786,0.0900000035762786,0.0900000035762786,0.0900000035762786,0.0900000035762786,0.0900000035762786,0.0900000035762786,Used jog ratio for teff to estimate container CF

19. RED KIDENY BEANS,181. Tasa/Tanika/Shember/Selemon Small,0.3939999938011169,0.3700000047683716,0.3939999938011169,0.3939999938011169,0.3939999938011169,0.3939999938011169,0.3939999938011169,0.3939999938011169,0.3939999938011169,

19. RED KIDENY BEANS,182. Tasa/Tanika/Shember/Selemon Medium,0.781000018119812,0.75,0.781000018119812,0.7390000224113464,0.7480000257492065,0.781000018119812,0.7979999780654907,0.781000018119812,0.9200000166893004,

19. RED KIDENY BEANS,183. Tasa/Tanika/Shember/Selemon Large,1.0959999561309814,1.2369999885559082,1.2300000190734863,0.9850000143051147,1.0959999561309814,1.0959999561309814,1.0570000410079956,1.0959999561309814,0.9800000190734864,

20. FENNEL,1. Kilogram,1.0,1.0,1.0,1.0,1.0,1.0,1.0,1.0,1.0,

23. LINESEED,1. Kilogram,1.0,1.0,1.0,1.0,1.0,1.0,1.0,1.0,1.0,

23. LINESEED,2. Gram,0.0010000000474974,0.0010000000474974,0.0010000000474974,0.0010000000474974,0.0010000000474974,0.0010000000474974,0.0010000000474974,0.0010000000474974,0.0010000000474974,

23. LINESEED,3. Quintal,,,,,,,,,,

23. LINESEED,8. Jog,0.847000002861023,0.8299999833106995,0.847000002861023,0.6899999976158142,0.975000023841858,0.847000002861023,0.9399999976158142,0.847000002861023,0.959999978542328,

23. LINESEED,9. Melekiya,0.0320000015199184,0.0320000015199184,0.0320000015199184,0.0320000015199184,0.0320000015199184,0.0320000015199184,0.0320000015199184,0.0320000015199184,0.0320000015199184,

23. LINESEED,21. Akumada/Dawla/Lekota Small,24.0,24.0,24.0,24.0,24.0,24.0,24.0,24.0,24.0,

23. LINESEED,22. Akumada/Dawla/Lekota Large,36.0,36.0,36.0,36.0,36.0,36.0,36.0,36.0,36.0,

23. LINESEED,31. Birchiko Small,0.1120000034570694,0.1120000034570694,0.1120000034570694,0.1120000034570694,0.1120000034570694,0.1120000034570694,0.1230000033974647,0.1120000034570694,0.1120000034570694,

23. LINESEED,32. Birchiko Medium,0.1770000010728836,0.1770000010728836,0.1770000010728836,0.1770000010728836,0.1770000010728836,0.1770000010728836,0.1770000010728836,0.1770000010728836,0.1770000010728836,

23. LINESEED,33. Birchiko Large,0.2450000047683715,0.2450000047683715,0.2450000047683715,0.2450000047683715,0.2479999959468841,0.2450000047683715,0.2399999946355819,0.2450000047683715,0.2450000047683715,

23. LINESEED,81. Joniya/Kasha Small,26.0,28.0,26.0,25.0,26.0,26.0,26.0,26.0,26.0,

23. LINESEED,82. Joniya/Kasha Medium,52.83300018310547,51.0,52.83300018310547,53.75,52.83300018310547,52.83300018310547,52.83300018310547,52.83300018310547,52.83300018310547,

23. LINESEED,83. Joniya/Kasha Large,,,,,,,,,,

23. LINESEED,101. Kubaya/Cup Small,0.2290000021457672,0.2290000021457672,0.2290000021457672,0.2290000021457672,0.2290000021457672,0.2290000021457672,0.2290000021457672,0.2290000021457672,0.2290000021457672,Used jog ratio for teff to estimate container CF

23. LINESEED,102. Kubaya/Cup Medium,0.2949999868869781,0.2949999868869781,0.2949999868869781,0.2949999868869781,0.2949999868869781,0.2949999868869781,0.2949999868869781,0.2949999868869781,0.2949999868869781,Used jog ratio for teff to estimate container CF

23. LINESEED,103. Kubaya/Cup Large,0.6000000238418579,0.6000000238418579,0.6000000238418579,0.6000000238418579,0.6000000238418579,0.6000000238418579,0.6000000238418579,0.6000000238418579,0.6000000238418579,Used jog ratio for teff to estimate container CF

23. LINESEED,111. Kunna/Mishe/Kefer/Enkib Small,3.240000009536743,3.240000009536743,3.240000009536743,3.7200000286102295,3.240000009536743,3.240000009536743,3.240000009536743,3.240000009536743,3.240000009536743,

23. LINESEED,112. Kunna/Mishe/Kefer/Enkib Medium,6.402999877929688,6.402999877929688,6.402999877929688,6.402999877929688,6.402999877929688,6.402999877929688,6.402999877929688,6.402999877929688,6.402999877929688,

23. LINESEED,113. Kunna/Mishe/Kefer/Enkib Large,11.989999771118164,13.880000114440918,11.989999771118164,10.100000381469728,11.989999771118164,11.989999771118164,11.989999771118164,11.989999771118164,11.989999771118164,

23. LINESEED,121. Madaberia/Nuse/Shera/Cheret Small,26.0,28.0,26.0,25.0,26.0,26.0,26.0,26.0,26.0,

23. LINESEED,122. Madaberia/Nuse/Shera/Cheret Medium,52.83300018310547,51.0,52.83300018310547,53.75,52.83300018310547,52.83300018310547,52.83300018310547,52.83300018310547,52.83300018310547,

23. LINESEED,123. Madaberia/Nuse/Shera/Cheret Large,,,,,,,,,,

23. LINESEED,151. Sahin Small,0.703000009059906,0.703000009059906,0.703000009059906,0.703000009059906,0.703000009059906,0.703000009059906,0.703000009059906,0.703000009059906,0.703000009059906,Used jog ratio for teff to estimate container CF

23. LINESEED,152. Sahin Medium,1.133999943733215,1.133999943733215,1.133999943733215,1.133999943733215,1.133999943733215,1.133999943733215,1.133999943733215,1.133999943733215,1.133999943733215,Used jog ratio for teff to estimate container CF

23. LINESEED,153. Sahin Large,1.8960000276565552,1.8960000276565552,1.8960000276565552,1.8960000276565552,1.8960000276565552,1.8960000276565552,1.8960000276565552,1.8960000276565552,1.8960000276565552,Used jog ratio for teff to estimate container CF

23. LINESEED,171. Sini Small,0.0489999987185001,0.0489999987185001,0.0489999987185001,0.0489999987185001,0.0489999987185001,0.0489999987185001,0.0489999987185001,0.0489999987185001,0.0489999987185001,

23. LINESEED,172. Sini Medium,0.0759999975562095,0.0759999975562095,0.0900000035762786,0.0900000035762786,0.0740000009536743,0.0700000002980232,0.0700000002980232,0.0759999975562095,0.0759999975562095,

23. LINESEED,181. Tasa/Tanika/Shember/Selemon Small,0.3260000050067901,0.2849999964237213,0.3260000050067901,0.3260000050067901,0.3260000050067901,0.3260000050067901,0.3260000050067901,0.3260000050067901,0.3179999887943268,

23. LINESEED,182. Tasa/Tanika/Shember/Selemon Medium,0.6809999942779541,0.6299999952316284,0.625,0.6420000195503235,0.6200000047683716,0.6809999942779541,0.7160000205039978,0.6809999942779541,0.800000011920929,

23. LINESEED,183. Tasa/Tanika/Shember/Selemon Large,0.9070000052452089,1.062999963760376,1.0549999475479126,0.875,0.8149999976158142,0.9070000052452089,0.8849999904632568,0.9070000052452089,0.8349999785423279,

24. GROUND NUTS,1. Kilogram,1.0,1.0,1.0,1.0,1.0,1.0,1.0,1.0,1.0,

24. GROUND NUTS,3. Quintal,,,,,,,,,,

24. GROUND NUTS,8. Jog,0.6119999885559082,0.6119999885559082,0.6119999885559082,0.6119999885559082,0.6119999885559082,0.6119999885559082,0.6119999885559082,0.6119999885559082,0.6119999885559082,Used large sini ratio for fenugreek to estimate container CF

24. GROUND NUTS,21. Akumada/Dawla/Lekota Small,17.343000411987305,17.343000411987305,17.343000411987305,17.343000411987305,17.343000411987305,17.343000411987305,17.343000411987305,17.343000411987305,17.343000411987305,Used large sini ratio for fenugreek to estimate container CF

24. GROUND NUTS,22. Akumada/Dawla/Lekota Large,26.01499938964844,26.01499938964844,26.01499938964844,26.01499938964844,26.01499938964844,26.01499938964844,26.01499938964844,26.01499938964844,26.01499938964844,Used large sini ratio for fenugreek to estimate container CF

24. GROUND NUTS,31. Birchiko Small,0.0810000002384185,0.0810000002384185,0.0810000002384185,0.0810000002384185,0.0810000002384185,0.0810000002384185,0.0810000002384185,0.0810000002384185,0.0810000002384185,Used large sini ratio for fenugreek to estimate container CF

24. GROUND NUTS,32. Birchiko Medium,0.1280000060796737,0.1280000060796737,0.1280000060796737,0.1280000060796737,0.1280000060796737,0.1280000060796737,0.1280000060796737,0.1280000060796737,0.1280000060796737,Used large sini ratio for fenugreek to estimate container CF

24. GROUND NUTS,33. Birchiko Large,0.1770000010728836,0.1770000010728836,0.1770000010728836,0.1770000010728836,0.1770000010728836,0.1770000010728836,0.1770000010728836,0.1770000010728836,0.1770000010728836,Used large sini ratio for fenugreek to estimate container CF

24. GROUND NUTS,81. Joniya/Kasha Small,23.100000381469727,27.5,23.100000381469727,23.100000381469727,23.100000381469727,18.700000762939453,23.100000381469727,23.100000381469727,23.100000381469727,

24. GROUND NUTS,82. Joniya/Kasha Medium,36.5,36.5,36.5,36.5,36.5,36.5,36.5,36.5,36.5,

24. GROUND NUTS,83. Joniya/Kasha Large,55.0,55.0,55.0,55.0,55.0,55.0,55.0,55.0,55.0,

24. GROUND NUTS,101. Kubaya/Cup Small,0.1650000065565109,0.1650000065565109,0.1650000065565109,0.1650000065565109,0.1650000065565109,0.1650000065565109,0.1650000065565109,0.1650000065565109,0.1650000065565109,Used large sini ratio for fenugreek to estimate container CF

24. GROUND NUTS,102. Kubaya/Cup Medium,0.2129999995231628,0.2129999995231628,0.2129999995231628,0.2129999995231628,0.2129999995231628,0.2129999995231628,0.2129999995231628,0.2129999995231628,0.2129999995231628,Used large sini ratio for fenugreek to estimate container CF

24. GROUND NUTS,103. Kubaya/Cup Large,0.4329999983310699,0.4329999983310699,0.4329999983310699,0.4329999983310699,0.4329999983310699,0.4329999983310699,0.4329999983310699,0.4329999983310699,0.4329999983310699,Used large sini ratio for fenugreek to estimate container CF

24. GROUND NUTS,111. Kunna/Mishe/Kefer/Enkib Small,2.3410000801086426,2.3410000801086426,2.3410000801086426,2.3410000801086426,2.3410000801086426,2.3410000801086426,2.3410000801086426,2.3410000801086426,2.3410000801086426,Used large sini ratio for fenugreek to estimate container CF

24. GROUND NUTS,112. Kunna/Mishe/Kefer/Enkib Medium,4.626999855041504,4.626999855041504,4.626999855041504,4.626999855041504,4.626999855041504,4.626999855041504,4.626999855041504,4.626999855041504,4.626999855041504,Used large sini ratio for fenugreek to estimate container CF

24. GROUND NUTS,113. Kunna/Mishe/Kefer/Enkib Large,8.663999557495117,8.663999557495117,8.663999557495117,8.663999557495117,8.663999557495117,8.663999557495117,8.663999557495117,8.663999557495117,8.663999557495117,Used large sini ratio for fenugreek to estimate container CF

24. GROUND NUTS,121. Madaberia/Nuse/Shera/Cheret Small,23.100000381469727,27.5,23.100000381469727,23.100000381469727,23.100000381469727,18.700000762939453,23.100000381469727,23.100000381469727,23.100000381469727,

24. GROUND NUTS,122. Madaberia/Nuse/Shera/Cheret Medium,36.5,36.5,36.5,36.5,36.5,36.5,36.5,36.5,36.5,

24. GROUND NUTS,123. Madaberia/Nuse/Shera/Cheret Large,55.0,55.0,55.0,55.0,55.0,55.0,55.0,55.0,55.0,

24. GROUND NUTS,151. Sahin Small,0.5080000162124634,0.5080000162124634,0.5080000162124634,0.5080000162124634,0.5080000162124634,0.5080000162124634,0.5080000162124634,0.5080000162124634,0.5080000162124634,Used large sini ratio for fenugreek to estimate container CF

24. GROUND NUTS,152. Sahin Medium,0.8199999928474426,0.8199999928474426,0.8199999928474426,0.8199999928474426,0.8199999928474426,0.8199999928474426,0.8199999928474426,0.8199999928474426,0.8199999928474426,Used large sini ratio for fenugreek to estimate container CF

24. GROUND NUTS,153. Sahin Large,1.3700000047683716,1.3700000047683716,1.3700000047683716,1.3700000047683716,1.3700000047683716,1.3700000047683716,1.3700000047683716,1.3700000047683716,1.3700000047683716,Used large sini ratio for fenugreek to estimate container CF

24. GROUND NUTS,171. Sini Small,0.0359999984502792,0.0359999984502792,0.0359999984502792,0.0359999984502792,0.0359999984502792,0.0359999984502792,0.0359999984502792,0.0359999984502792,0.0359999984502792,Used large sini ratio for fenugreek to estimate container CF

24. GROUND NUTS,172. Sini Medium,0.0549999997019767,0.0549999997019767,0.0549999997019767,0.0549999997019767,0.0549999997019767,0.0549999997019767,0.0549999997019767,0.0549999997019767,0.0549999997019767,Used large sini ratio for fenugreek to estimate container CF

24. GROUND NUTS,181. Tasa/Tanika/Shember/Selemon Small,0.5170000195503235,0.5649999976158142,0.574999988079071,0.5170000195503235,0.5170000195503235,0.5170000195503235,0.5720000267028809,0.5170000195503235,0.5299999713897705,

24. GROUND NUTS,182. Tasa/Tanika/Shember/Selemon Medium,0.6449999809265137,0.6449999809265137,0.6449999809265137,0.5899999737739563,0.6449999809265137,0.6449999809265137,0.6729999780654907,0.6449999809265137,0.6449999809265137,

24. GROUND NUTS,183. Tasa/Tanika/Shember/Selemon Large,0.8169999718666077,0.8169999718666077,0.8169999718666077,0.8169999718666077,0.8169999718666077,0.8169999718666077,0.8169999718666077,0.8169999718666077,0.8169999718666077,

25. NUEG,1. Kilogram,1.0,1.0,1.0,1.0,1.0,1.0,1.0,1.0,1.0,

25. NUEG,3. Quintal,,,,,,,,,,

25. NUEG,8. Jog,0.8050000071525574,0.8050000071525574,0.8050000071525574,0.7599999904632568,0.8050000071525574,0.8050000071525574,0.8050000071525574,0.8050000071525574,0.8500000238418579,

25. NUEG,9. Melekiya,0.0320000015199184,0.0320000015199184,0.0320000015199184,0.0350000001490116,0.0299999993294477,0.0320000015199184,0.0320000015199184,0.0320000015199184,0.0320000015199184,

25. NUEG,21. Akumada/Dawla/Lekota Small,24.38999938964844,24.38999938964844,24.38999938964844,24.38999938964844,24.38999938964844,24.38999938964844,24.38999938964844,24.38999938964844,24.38999938964844,Used jog ratio for teff to estimate container CF

25. NUEG,22. Akumada/Dawla/Lekota Large,39.42399978637695,39.42399978637695,39.42399978637695,39.42399978637695,39.42399978637695,39.42399978637695,39.42399978637695,39.42399978637695,39.42399978637695,Used jog ratio for teff to estimate container CF

25. NUEG,31. Birchiko Small,0.1220000013709068,0.1220000013709068,0.1220000013709068,0.1220000013709068,0.1220000013709068,0.1220000013709068,0.1220000013709068,0.1220000013709068,0.1220000013709068,Used jog ratio for teff to estimate container CF

25. NUEG,32. Birchiko Medium,0.1800000071525573,0.1800000071525573,0.1800000071525573,0.1800000071525573,0.1800000071525573,0.1800000071525573,0.1800000071525573,0.1800000071525573,0.1800000071525573,Used jog ratio for teff to estimate container CF

25. NUEG,33. Birchiko Large,0.2440000027418136,0.2440000027418136,0.2440000027418136,0.2440000027418136,0.2440000027418136,0.2440000027418136,0.2440000027418136,0.2440000027418136,0.2440000027418136,Used jog ratio for teff to estimate container CF

25. NUEG,81. Joniya/Kasha Small,34.0,34.0,34.0,35.0,40.0,34.0,34.0,34.0,34.0,

25. NUEG,82. Joniya/Kasha Medium,64.16699981689453,57.0,64.16699981689453,67.75,64.16699981689453,64.16699981689453,64.16699981689453,64.16699981689453,64.16699981689453,

25. NUEG,83. Joniya/Kasha Large,,,,,,,,,,

25. NUEG,92. Kerchat/Kemba Medium,31.0,31.0,31.0,31.0,31.0,31.0,31.0,31.0,31.0,

25. NUEG,101. Kubaya/Cup Small,0.1500000059604644,0.1500000059604644,0.1500000059604644,0.125,0.1500000059604644,0.1500000059604644,0.1500000059604644,0.1500000059604644,0.1500000059604644,

25. NUEG,102. Kubaya/Cup Medium,0.2280000001192093,0.2329999953508377,0.2329999953508377,0.2220000028610229,0.2300000041723251,0.2280000001192093,0.2249999940395355,0.2280000001192093,0.2280000001192093,

25. NUEG,103. Kubaya/Cup Large,0.4959999918937683,0.4959999918937683,0.4959999918937683,0.4959999918937683,0.4230000078678131,0.4959999918937683,0.4959999918937683,0.4959999918937683,0.4959999918937683,

25. NUEG,111. Kunna/Mishe/Kefer/Enkib Small,4.7820000648498535,4.7820000648498535,4.7820000648498535,4.7820000648498535,4.7820000648498535,4.7820000648498535,4.7820000648498535,4.7820000648498535,4.7820000648498535,Used jog ratio for teff to estimate container CF

25. NUEG,112. Kunna/Mishe/Kefer/Enkib Medium,8.654000282287598,8.654000282287598,8.654000282287598,8.654000282287598,8.654000282287598,8.654000282287598,8.654000282287598,8.654000282287598,8.654000282287598,Used jog ratio for teff to estimate container CF

25. NUEG,113. Kunna/Mishe/Kefer/Enkib Large,19.582000732421875,19.582000732421875,19.582000732421875,19.582000732421875,19.582000732421875,19.582000732421875,19.582000732421875,19.582000732421875,19.582000732421875,Used jog ratio for teff to estimate container CF

25. NUEG,121. Madaberia/Nuse/Shera/Cheret Small,34.0,34.0,34.0,35.0,40.0,34.0,34.0,34.0,34.0,

25. NUEG,122. Madaberia/Nuse/Shera/Cheret Medium,64.16699981689453,57.0,64.16699981689453,67.75,64.16699981689453,64.16699981689453,64.16699981689453,64.16699981689453,64.16699981689453,

25. NUEG,123. Madaberia/Nuse/Shera/Cheret Large,,,,,,,,,,

25. NUEG,151. Sahin Small,0.6890000104904175,0.6890000104904175,0.7900000214576721,0.7900000214576721,0.6890000104904175,0.6890000104904175,0.621999979019165,0.6890000104904175,0.6890000104904175,

25. NUEG,152. Sahin Medium,1.0779999494552612,1.0779999494552612,1.0779999494552612,1.128000020980835,1.0779999494552612,1.0779999494552612,1.0449999570846558,1.0779999494552612,1.0779999494552612,

25. NUEG,153. Sahin Large,1.8049999475479128,1.8049999475479128,1.8049999475479128,1.8049999475479128,1.8049999475479128,1.8049999475479128,1.9830000400543213,1.8049999475479128,1.8049999475479128,

25. NUEG,171. Sini Small,0.0469999983906745,0.0469999983906745,0.0469999983906745,0.0469999983906745,0.0410000011324882,0.0469999983906745,0.0489999987185001,0.0469999983906745,0.0469999983906745,

25. NUEG,172. Sini Medium,0.0719999969005584,0.0719999969005584,0.0799999982118606,0.0799999982118606,0.0680000036954879,0.0799999982118606,0.0599999986588954,0.0719999969005584,0.0719999969005584,

25. NUEG,181. Tasa/Tanika/Shember/Selemon Small,0.1150000020861625,0.1150000020861625,0.1150000020861625,0.1150000020861625,0.0949999988079071,0.1150000020861625,0.1150000020861625,0.1150000020861625,0.1150000020861625,

25. NUEG,182. Tasa/Tanika/Shember/Selemon Medium,0.5329999923706055,0.4900000095367431,0.625,0.574999988079071,0.5329999923706055,0.5329999923706055,0.5799999833106995,0.5329999923706055,0.5329999923706055,

25. NUEG,183. Tasa/Tanika/Shember/Selemon Large,0.8080000281333923,0.915000021457672,0.915000021457672,0.7749999761581421,0.8080000281333923,0.8080000281333923,0.7879999876022339,0.8080000281333923,0.7400000095367432,

26. RAPE SEED,1. Kilogram,1.0,1.0,1.0,1.0,1.0,1.0,1.0,1.0,1.0,

26. RAPE SEED,2. Gram,0.0010000000474974,0.0010000000474974,0.0010000000474974,0.0010000000474974,0.0010000000474974,0.0010000000474974,0.0010000000474974,0.0010000000474974,0.0010000000474974,

26. RAPE SEED,3. Quintal,,,,,,,,,,

26. RAPE SEED,8. Jog,0.8629999756813049,0.7900000214576721,0.8629999756813049,0.8629999756813049,0.8799999952316284,0.8629999756813049,0.800000011920929,0.8629999756813049,0.9800000190734864,

26. RAPE SEED,9. Melekiya,0.0350000001490116,0.0350000001490116,0.0350000001490116,0.0350000001490116,0.0350000001490116,0.0350000001490116,0.0350000001490116,0.0350000001490116,0.0350000001490116,

26. RAPE SEED,21. Akumada/Dawla/Lekota Small,26.131999969482425,26.131999969482425,26.131999969482425,26.131999969482425,26.131999969482425,26.131999969482425,26.131999969482425,26.131999969482425,26.131999969482425,Used jog ratio for teff to estimate container CF

26. RAPE SEED,22. Akumada/Dawla/Lekota Large,42.2400016784668,42.2400016784668,42.2400016784668,42.2400016784668,42.2400016784668,42.2400016784668,42.2400016784668,42.2400016784668,42.2400016784668,Used jog ratio for teff to estimate container CF

26. RAPE SEED,31. Birchiko Small,0.1230000033974647,0.1230000033974647,0.1230000033974647,0.1230000033974647,0.1230000033974647,0.1230000033974647,0.1230000033974647,0.1230000033974647,0.1230000033974647,

26. RAPE SEED,32. Birchiko Medium,0.2070000022649765,0.2070000022649765,0.2070000022649765,0.2070000022649765,0.2300000041723251,0.2070000022649765,0.1949999928474426,0.2070000022649765,0.2070000022649765,

26. RAPE SEED,33. Birchiko Large,0.2599999904632568,0.2599999904632568,0.2599999904632568,0.2599999904632568,0.2599999904632568,0.2599999904632568,0.2599999904632568,0.2599999904632568,0.2599999904632568,

26. RAPE SEED,81. Joniya/Kasha Small,27.700000762939453,27.625,28.0,27.700000762939453,27.700000762939453,27.700000762939453,27.700000762939453,27.700000762939453,27.700000762939453,

26. RAPE SEED,82. Joniya/Kasha Medium,53.0,53.0,53.0,53.0,53.0,53.0,53.0,53.0,53.0,

26. RAPE SEED,83. Joniya/Kasha Large,,,,,,,,,,

26. RAPE SEED,101. Kubaya/Cup Small,0.2329999953508377,0.2329999953508377,0.2329999953508377,0.2329999953508377,0.2329999953508377,0.2329999953508377,0.2329999953508377,0.2329999953508377,0.2329999953508377,Used jog ratio for teff to estimate container CF

26. RAPE SEED,102. Kubaya/Cup Medium,0.3009999990463257,0.3009999990463257,0.3009999990463257,0.3009999990463257,0.3009999990463257,0.3009999990463257,0.3009999990463257,0.3009999990463257,0.3009999990463257,Used jog ratio for teff to estimate container CF

26. RAPE SEED,103. Kubaya/Cup Large,0.6100000143051147,0.6100000143051147,0.6100000143051147,0.6100000143051147,0.6100000143051147,0.6100000143051147,0.6100000143051147,0.6100000143051147,0.6100000143051147,Used jog ratio for teff to estimate container CF

26. RAPE SEED,111. Kunna/Mishe/Kefer/Enkib Small,4.2729997634887695,4.2729997634887695,4.2729997634887695,4.570000171661377,4.2729997634887695,4.2729997634887695,4.2729997634887695,4.2729997634887695,4.2729997634887695,

26. RAPE SEED,112. Kunna/Mishe/Kefer/Enkib Medium,5.869999885559082,5.869999885559082,5.869999885559082,5.869999885559082,5.869999885559082,5.869999885559082,5.869999885559082,5.869999885559082,5.869999885559082,

26. RAPE SEED,113. Kunna/Mishe/Kefer/Enkib Large,7.954999923706055,7.954999923706055,7.954999923706055,7.954999923706055,7.954999923706055,7.954999923706055,7.954999923706055,7.954999923706055,7.954999923706055,

26. RAPE SEED,121. Madaberia/Nuse/Shera/Cheret Small,27.700000762939453,27.625,28.0,27.700000762939453,27.700000762939453,27.700000762939453,27.700000762939453,27.700000762939453,27.700000762939453,

26. RAPE SEED,122. Madaberia/Nuse/Shera/Cheret Medium,53.0,53.0,53.0,53.0,53.0,53.0,53.0,53.0,53.0,

26. RAPE SEED,123. Madaberia/Nuse/Shera/Cheret Large,,,,,,,,,,

26. RAPE SEED,151. Sahin Small,0.7210000157356262,0.7210000157356262,0.7649999856948853,0.7649999856948853,0.7210000157356262,0.7210000157356262,0.7059999704360962,0.7210000157356262,0.7210000157356262,

26. RAPE SEED,152. Sahin Medium,1.159000039100647,1.159000039100647,1.159000039100647,1.2100000381469729,1.159000039100647,1.159000039100647,1.1390000581741333,1.159000039100647,1.159000039100647,

26. RAPE SEED,153. Sahin Large,1.8960000276565552,1.8960000276565552,1.8960000276565552,1.8960000276565552,1.8960000276565552,1.8960000276565552,1.8960000276565552,1.8960000276565552,1.8960000276565552,

26. RAPE SEED,171. Sini Small,0.0540000014007091,0.0540000014007091,0.0540000014007091,0.0540000014007091,0.0520000010728836,0.0540000014007091,0.0549999997019767,0.0540000014007091,0.0540000014007091,

26. RAPE SEED,172. Sini Medium,0.0970000028610229,0.0970000028610229,0.0970000028610229,0.0970000028610229,0.0970000028610229,0.0970000028610229,0.0970000028610229,0.0970000028610229,0.0970000028610229,

26. RAPE SEED,181. Tasa/Tanika/Shember/Selemon Small,0.2269999980926513,0.2269999980926513,0.2269999980926513,0.2479999959468841,0.2669999897480011,0.2269999980926513,0.2269999980926513,0.2269999980926513,0.2269999980926513,

26. RAPE SEED,182. Tasa/Tanika/Shember/Selemon Medium,0.515999972820282,0.4169999957084656,0.515999972820282,0.515999972820282,0.5920000076293945,0.515999972820282,0.515999972820282,0.515999972820282,0.4199999868869781,

26. RAPE SEED,183. Tasa/Tanika/Shember/Selemon Large,0.959999978542328,1.0700000524520874,1.0700000524520874,0.959999978542328,0.959999978542328,0.959999978542328,0.959999978542328,0.959999978542328,0.8050000071525574,

27. SESAME,1. Kilogram,1.0,1.0,1.0,1.0,1.0,1.0,1.0,1.0,1.0,

27. SESAME,2. Gram,0.0010000000474974,0.0010000000474974,0.0010000000474974,0.0010000000474974,0.0010000000474974,0.0010000000474974,0.0010000000474974,0.0010000000474974,0.0010000000474974,

27. SESAME,3. Quintal,,,,,,,,,,

27. SESAME,8. Jog,0.7910000085830688,0.7910000085830688,0.7910000085830688,0.7910000085830688,0.7910000085830688,0.7910000085830688,0.7910000085830688,0.7910000085830688,0.7910000085830688,Used large sini ratio for fenugreek to estimate container CF

27. SESAME,9. Melekiya,0.0399999991059303,0.0399999991059303,0.0399999991059303,0.0399999991059303,0.0399999991059303,0.0399999991059303,0.0399999991059303,0.0399999991059303,0.0399999991059303,

27. SESAME,21. Akumada/Dawla/Lekota Small,22.38800048828125,22.38800048828125,22.38800048828125,22.38800048828125,22.38800048828125,22.38800048828125,22.38800048828125,22.38800048828125,22.38800048828125,Used large sini ratio for fenugreek to estimate container CF

27. SESAME,22. Akumada/Dawla/Lekota Large,33.582000732421875,33.582000732421875,33.582000732421875,33.582000732421875,33.582000732421875,33.582000732421875,33.582000732421875,33.582000732421875,33.582000732421875,Used large sini ratio for fenugreek to estimate container CF

27. SESAME,31. Birchiko Small,0.1049999967217445,0.1049999967217445,0.1049999967217445,0.1049999967217445,0.1049999967217445,0.1049999967217445,0.1049999967217445,0.1049999967217445,0.1049999967217445,Used large sini ratio for fenugreek to estimate container CF

27. SESAME,32. Birchiko Medium,0.1650000065565109,0.1650000065565109,0.1650000065565109,0.1650000065565109,0.1650000065565109,0.1650000065565109,0.1650000065565109,0.1650000065565109,0.1650000065565109,Used large sini ratio for fenugreek to estimate container CF

27. SESAME,33. Birchiko Large,0.2290000021457672,0.2290000021457672,0.2290000021457672,0.2290000021457672,0.2290000021457672,0.2290000021457672,0.2290000021457672,0.2290000021457672,0.2290000021457672,Used large sini ratio for fenugreek to estimate container CF

27. SESAME,81. Joniya/Kasha Small,40.66699981689453,40.66699981689453,43.5,39.25,40.66699981689453,40.66699981689453,40.66699981689453,40.66699981689453,40.66699981689453,

27. SESAME,82. Joniya/Kasha Medium,,,,67.0,,,,,,

27. SESAME,83. Joniya/Kasha Large,,,,,,,,,,

27. SESAME,101. Kubaya/Cup Small,0.2129999995231628,0.2129999995231628,0.2129999995231628,0.2129999995231628,0.2129999995231628,0.2129999995231628,0.2129999995231628,0.2129999995231628,0.2129999995231628,Used large sini ratio for fenugreek to estimate container CF

27. SESAME,102. Kubaya/Cup Medium,0.2750000059604645,0.2750000059604645,0.2750000059604645,0.2750000059604645,0.2750000059604645,0.2750000059604645,0.2750000059604645,0.2750000059604645,0.2750000059604645,Used large sini ratio for fenugreek to estimate container CF

27. SESAME,103. Kubaya/Cup Large,0.5590000152587891,0.5590000152587891,0.5590000152587891,0.5590000152587891,0.5590000152587891,0.5590000152587891,0.5590000152587891,0.5590000152587891,0.5590000152587891,Used large sini ratio for fenugreek to estimate container CF

27. SESAME,111. Kunna/Mishe/Kefer/Enkib Small,3.0220000743865967,3.0220000743865967,3.0220000743865967,3.0220000743865967,3.0220000743865967,3.0220000743865967,3.0220000743865967,3.0220000743865967,3.0220000743865967,Used large sini ratio for fenugreek to estimate container CF

27. SESAME,112. Kunna/Mishe/Kefer/Enkib Medium,5.9730000495910645,5.9730000495910645,5.9730000495910645,5.9730000495910645,5.9730000495910645,5.9730000495910645,5.9730000495910645,5.9730000495910645,5.9730000495910645,Used large sini ratio for fenugreek to estimate container CF

27. SESAME,113. Kunna/Mishe/Kefer/Enkib Large,11.1850004196167,11.1850004196167,11.1850004196167,11.1850004196167,11.1850004196167,11.1850004196167,11.1850004196167,11.1850004196167,11.1850004196167,Used large sini ratio for fenugreek to estimate container CF

27. SESAME,121. Madaberia/Nuse/Shera/Cheret Small,40.66699981689453,40.66699981689453,43.5,39.25,40.66699981689453,40.66699981689453,40.66699981689453,40.66699981689453,40.66699981689453,

27. SESAME,122. Madaberia/Nuse/Shera/Cheret Medium,,,,67.0,,,,,,

27. SESAME,123. Madaberia/Nuse/Shera/Cheret Large,,,,,,,,,,

27. SESAME,151. Sahin Small,0.656000018119812,0.656000018119812,0.656000018119812,0.656000018119812,0.656000018119812,0.656000018119812,0.656000018119812,0.656000018119812,0.656000018119812,Used large sini ratio for fenugreek to estimate container CF

27. SESAME,152. Sahin Medium,1.0579999685287476,1.0579999685287476,1.0579999685287476,1.0579999685287476,1.0579999685287476,1.0579999685287476,1.0579999685287476,1.0579999685287476,1.0579999685287476,Used large sini ratio for fenugreek to estimate container CF

27. SESAME,153. Sahin Large,1.7680000066757202,1.7680000066757202,1.7680000066757202,1.7680000066757202,1.7680000066757202,1.7680000066757202,1.7680000066757202,1.7680000066757202,1.7680000066757202,Used large sini ratio for fenugreek to estimate container CF

27. SESAME,171. Sini Small,0.0469999983906745,0.0469999983906745,0.0469999983906745,0.0469999983906745,0.050000000745058,0.0469999983906745,0.0450000017881393,0.0469999983906745,0.0469999983906745,

27. SESAME,172. Sini Medium,0.0710000023245811,0.0710000023245811,0.0850000008940696,0.0850000008940696,0.0750000029802322,0.0710000023245811,0.0710000023245811,0.0710000023245811,0.0710000023245811,

27. SESAME,181. Tasa/Tanika/Shember/Selemon Small,0.1110000014305114,0.1110000014305114,0.1110000014305114,0.1110000014305114,0.123999997973442,0.1110000014305114,0.1110000014305114,0.1110000014305114,0.1049999967217445,

27. SESAME,182. Tasa/Tanika/Shember/Selemon Medium,0.4510000050067901,0.4250000119209289,0.4510000050067901,0.4510000050067901,0.4510000050067901,0.4510000050067901,0.4510000050067901,0.4230000078678131,0.4510000050067901,

27. SESAME,183. Tasa/Tanika/Shember/Selemon Large,0.7829999923706055,0.7950000166893005,0.7950000166893005,0.7829999923706055,0.7829999923706055,0.7829999923706055,0.7829999923706055,0.7829999923706055,0.7350000143051147,

28. SUNFLOWER,1. Kilogram,1.0,1.0,1.0,1.0,1.0,1.0,1.0,1.0,1.0,

28. SUNFLOWER,8. Jog,0.7730000019073486,0.7730000019073486,0.7730000019073486,0.7850000262260437,0.7730000019073486,0.7730000019073486,0.7599999904632568,0.7730000019073486,0.7730000019073486,

28. SUNFLOWER,21. Akumada/Dawla/Lekota Small,19.0,19.0,19.0,19.0,19.0,19.0,19.0,19.0,19.0,

28. SUNFLOWER,22. Akumada/Dawla/Lekota Large,30.0,30.0,30.0,30.0,30.0,30.0,30.0,30.0,30.0,

28. SUNFLOWER,31. Birchiko Small,0.0900000035762786,0.0900000035762786,0.0900000035762786,0.0900000035762786,0.0900000035762786,0.0900000035762786,0.0900000035762786,0.0900000035762786,0.0900000035762786,

28. SUNFLOWER,32. Birchiko Medium,0.1480000019073486,0.1480000019073486,0.1480000019073486,0.1480000019073486,0.1480000019073486,0.1480000019073486,0.1480000019073486,0.1480000019073486,0.1480000019073486,

28. SUNFLOWER,33. Birchiko Large,0.2249999940395355,0.2249999940395355,0.2249999940395355,0.2249999940395355,0.2249999940395355,0.2249999940395355,0.2249999940395355,0.2249999940395355,0.2249999940395355,

28. SUNFLOWER,81. Joniya/Kasha Small,28.16699981689453,25.5,28.16699981689453,33.5,28.16699981689453,28.16699981689453,28.16699981689453,28.16699981689453,28.16699981689453,

28. SUNFLOWER,82. Joniya/Kasha Medium,42.0,42.0,42.0,42.0,42.0,42.0,42.0,42.0,42.0,

28. SUNFLOWER,83. Joniya/Kasha Large,67.625,67.625,67.625,67.625,67.625,67.625,67.625,67.625,67.625,

28. SUNFLOWER,101. Kubaya/Cup Small,0.2080000042915344,0.2080000042915344,0.2080000042915344,0.2080000042915344,0.2080000042915344,0.2080000042915344,0.2080000042915344,0.2080000042915344,0.2080000042915344,Used jog ratio for teff to estimate container CF

28. SUNFLOWER,102. Kubaya/Cup Medium,0.2689999938011169,0.2689999938011169,0.2689999938011169,0.2689999938011169,0.2689999938011169,0.2689999938011169,0.2689999938011169,0.2689999938011169,0.2689999938011169,Used jog ratio for teff to estimate container CF

28. SUNFLOWER,103. Kubaya/Cup Large,0.546999990940094,0.546999990940094,0.546999990940094,0.546999990940094,0.546999990940094,0.546999990940094,0.546999990940094,0.546999990940094,0.546999990940094,Used jog ratio for teff to estimate container CF

28. SUNFLOWER,111. Kunna/Mishe/Kefer/Enkib Small,3.2279999256134038,3.220000028610229,3.2279999256134038,3.765000104904175,3.2279999256134038,3.2279999256134038,3.2279999256134038,3.2279999256134038,3.2279999256134038,

28. SUNFLOWER,112. Kunna/Mishe/Kefer/Enkib Medium,5.4629998207092285,5.4629998207092285,5.4629998207092285,5.4629998207092285,5.4629998207092285,5.4629998207092285,5.4629998207092285,5.4629998207092285,5.4629998207092285,

28. SUNFLOWER,113. Kunna/Mishe/Kefer/Enkib Large,8.4399995803833,9.239999771118164,8.4399995803833,7.639999866485596,8.4399995803833,8.4399995803833,8.4399995803833,8.4399995803833,8.4399995803833,

28. SUNFLOWER,121. Madaberia/Nuse/Shera/Cheret Small,28.16699981689453,25.5,28.16699981689453,33.5,28.16699981689453,28.16699981689453,28.16699981689453,28.16699981689453,28.16699981689453,

28. SUNFLOWER,122. Madaberia/Nuse/Shera/Cheret Medium,42.0,42.0,42.0,42.0,42.0,42.0,42.0,42.0,42.0,

28. SUNFLOWER,123. Madaberia/Nuse/Shera/Cheret Large,67.625,67.625,67.625,67.625,67.625,67.625,67.625,67.625,67.625,

28. SUNFLOWER,151. Sahin Small,0.6140000224113464,0.6140000224113464,0.6349999904632568,0.6349999904632568,0.6140000224113464,0.6140000224113464,0.6000000238418579,0.6140000224113464,0.6140000224113464,

28. SUNFLOWER,152. Sahin Medium,0.972000002861023,0.972000002861023,0.972000002861023,0.9670000076293944,0.972000002861023,0.972000002861023,0.975000023841858,0.972000002861023,0.972000002861023,

28. SUNFLOWER,153. Sahin Large,1.593999981880188,1.593999981880188,1.593999981880188,1.593999981880188,1.593999981880188,1.593999981880188,1.756999969482422,1.593999981880188,1.593999981880188,

28. SUNFLOWER,171. Sini Small,0.050000000745058,0.050000000745058,0.050000000745058,0.050000000745058,0.050000000745058,0.050000000745058,0.050000000745058,0.050000000745058,0.050000000745058,

28. SUNFLOWER,172. Sini Medium,0.0719999969005584,0.0719999969005584,0.0850000008940696,0.0850000008940696,0.0719999969005584,0.0719999969005584,0.0599999986588954,0.0719999969005584,0.0719999969005584,

28. SUNFLOWER,181. Tasa/Tanika/Shember/Selemon Small,0.2919999957084656,0.2649999856948852,0.2919999957084656,0.289000004529953,0.2919999957084656,0.2919999957084656,0.2919999957084656,0.2919999957084656,0.3149999976158142,

28. SUNFLOWER,182. Tasa/Tanika/Shember/Selemon Medium,0.5410000085830688,0.5230000019073486,0.5049999952316284,0.5849999785423279,0.5410000085830688,0.5410000085830688,0.5400000214576721,0.5410000085830688,0.4850000143051147,

28. SUNFLOWER,183. Tasa/Tanika/Shember/Selemon Large,0.781000018119812,0.8669999837875366,0.8349999785423279,0.781000018119812,0.781000018119812,0.781000018119812,0.75,0.781000018119812,0.699999988079071,

31. BLACK CUMIN,1. Kilogram,1.0,1.0,1.0,1.0,1.0,1.0,1.0,1.0,1.0,

33. CARDAMON,1. Kilogram,1.0,1.0,1.0,1.0,1.0,1.0,1.0,1.0,1.0,

33. CARDAMON,2. Gram,0.0010000000474974,0.0010000000474974,0.0010000000474974,0.0010000000474974,0.0010000000474974,0.0010000000474974,0.0010000000474974,0.0010000000474974,0.0010000000474974,

34. CHILIES,1. Kilogram,1.0,1.0,1.0,1.0,1.0,1.0,1.0,1.0,1.0,

34. CHILIES,2. Gram,0.0010000000474974,0.0010000000474974,0.0010000000474974,0.0010000000474974,0.0010000000474974,0.0010000000474974,0.0010000000474974,0.0010000000474974,0.0010000000474974,

36. FENUGREEK,1. Kilogram,1.0,1.0,1.0,1.0,1.0,1.0,1.0,1.0,1.0,

36. FENUGREEK,2. Gram,0.0010000000474974,0.0010000000474974,0.0010000000474974,0.0010000000474974,0.0010000000474974,0.0010000000474974,0.0010000000474974,0.0010000000474974,0.0010000000474974,

36. FENUGREEK,3. Quintal,,,,,,,,,,

36. FENUGREEK,8. Jog,1.0950000286102295,1.0950000286102295,1.0950000286102295,1.1399999856948853,0.9649999737739564,1.0950000286102295,1.0950000286102295,1.0950000286102295,1.1799999475479126,

36. FENUGREEK,9. Melekiya,0.032999999821186,0.032999999821186,0.032999999821186,0.032999999821186,0.0299999993294477,0.032999999821186,0.0370000004768371,0.032999999821186,0.032999999821186,

36. FENUGREEK,21. Akumada/Dawla/Lekota Small,33.176998138427734,33.176998138427734,33.176998138427734,33.176998138427734,33.176998138427734,33.176998138427734,33.176998138427734,33.176998138427734,33.176998138427734,Used jog ratio for teff to estimate container CF

36. FENUGREEK,22. Akumada/Dawla/Lekota Large,53.6259994506836,53.6259994506836,53.6259994506836,53.6259994506836,53.6259994506836,53.6259994506836,53.6259994506836,53.6259994506836,53.6259994506836,Used jog ratio for teff to estimate container CF

36. FENUGREEK,31. Birchiko Small,0.1340000033378601,0.1340000033378601,0.1340000033378601,0.1340000033378601,0.1340000033378601,0.1340000033378601,0.1340000033378601,0.1340000033378601,0.1340000033378601,

36. FENUGREEK,32. Birchiko Medium,0.2060000002384185,0.2060000002384185,0.2060000002384185,0.2060000002384185,0.2060000002384185,0.2060000002384185,0.1879999935626983,0.2060000002384185,0.2060000002384185,

36. FENUGREEK,33. Birchiko Large,0.2860000133514404,0.2860000133514404,0.2860000133514404,0.2870000004768371,0.2849999964237213,0.2860000133514404,0.2860000133514404,0.2860000133514404,0.2860000133514404,

36. FENUGREEK,81. Joniya/Kasha Small,31.83300018310547,33.0,31.83300018310547,27.5,35.0,31.83300018310547,31.83300018310547,31.83300018310547,31.83300018310547,

36. FENUGREEK,82. Joniya/Kasha Medium,58.66699981689453,56.0,58.66699981689453,59.0,61.0,58.66699981689453,58.66699981689453,58.66699981689453,58.66699981689453,

36. FENUGREEK,83. Joniya/Kasha Large,,,,,,,,,,

36. FENUGREEK,101. Kubaya/Cup Small,0.2319999933242797,0.2319999933242797,0.2319999933242797,0.2189999967813491,0.2319999933242797,0.2649999856948852,0.2370000034570694,0.2319999933242797,0.2319999933242797,

36. FENUGREEK,102. Kubaya/Cup Medium,0.2989999949932098,0.3100000023841858,0.296999990940094,0.3000000119209289,0.2989999949932098,0.2989999949932098,0.2899999916553497,0.2989999949932098,0.2989999949932098,

36. FENUGREEK,103. Kubaya/Cup Large,0.6919999718666077,0.6919999718666077,0.6919999718666077,0.6919999718666077,0.6919999718666077,0.6100000143051147,0.7110000252723694,0.6919999718666077,0.6919999718666077,

36. FENUGREEK,111. Kunna/Mishe/Kefer/Enkib Small,5.150000095367432,4.945000171661377,5.150000095367432,5.355000019073486,5.150000095367432,5.150000095367432,5.150000095367432,5.150000095367432,5.150000095367432,

36. FENUGREEK,112. Kunna/Mishe/Kefer/Enkib Medium,8.319999694824219,8.319999694824219,7.889999866485596,8.53499984741211,8.319999694824219,8.319999694824219,8.319999694824219,8.319999694824219,8.319999694824219,

36. FENUGREEK,113. Kunna/Mishe/Kefer/Enkib Large,12.05799961090088,12.05799961090088,12.05799961090088,12.109999656677246,12.031999588012695,12.05799961090088,12.05799961090088,12.05799961090088,12.05799961090088,

36. FENUGREEK,121. Madaberia/Nuse/Shera/Cheret Small,31.83300018310547,33.0,31.83300018310547,27.5,35.0,31.83300018310547,31.83300018310547,31.83300018310547,31.83300018310547,

36. FENUGREEK,122. Madaberia/Nuse/Shera/Cheret Medium,58.66699981689453,56.0,58.66699981689453,59.0,61.0,58.66699981689453,58.66699981689453,58.66699981689453,58.66699981689453,

36. FENUGREEK,123. Madaberia/Nuse/Shera/Cheret Large,,,,,,,,,,

36. FENUGREEK,151. Sahin Small,0.9089999794960022,0.9089999794960022,0.9089999794960022,0.9089999794960022,0.9089999794960022,0.9089999794960022,0.9089999794960022,0.9089999794960022,0.9089999794960022,Used jog ratio for teff to estimate container CF

36. FENUGREEK,152. Sahin Medium,1.465000033378601,1.465000033378601,1.465000033378601,1.465000033378601,1.465000033378601,1.465000033378601,1.465000033378601,1.465000033378601,1.465000033378601,Used jog ratio for teff to estimate container CF

36. FENUGREEK,153. Sahin Large,2.4489998817443848,2.4489998817443848,2.4489998817443848,2.4489998817443848,2.4489998817443848,2.4489998817443848,2.4489998817443848,2.4489998817443848,2.4489998817443848,Used jog ratio for teff to estimate container CF

36. FENUGREEK,171. Sini Small,0.0560000017285347,0.0560000017285347,0.0560000017285347,0.0560000017285347,0.0570000000298023,0.0560000017285347,0.0560000017285347,0.0560000017285347,0.0560000017285347,

36. FENUGREEK,172. Sini Medium,0.0949999988079071,0.0949999988079071,0.0949999988079071,0.1120000034570694,0.090999998152256,0.0799999982118606,0.0810000002384185,0.0949999988079071,0.0949999988079071,

36. FENUGREEK,181. Tasa/Tanika/Shember/Selemon Small,0.2000000029802322,0.2000000029802322,0.2000000029802322,0.2000000029802322,0.2349999994039535,0.2000000029802322,0.2000000029802322,0.2000000029802322,0.2000000029802322,

36. FENUGREEK,182. Tasa/Tanika/Shember/Selemon Medium,0.5659999847412109,0.5659999847412109,0.5659999847412109,0.5659999847412109,0.675000011920929,0.5659999847412109,0.5659999847412109,0.5659999847412109,0.5659999847412109,

36. FENUGREEK,183. Tasa/Tanika/Shember/Selemon Large,0.875,0.7599999904632568,0.7799999713897705,1.0,0.875,0.875,0.875,0.875,0.975000023841858,

37. GINGER,1. Kilogram,1.0,1.0,1.0,1.0,1.0,1.0,1.0,1.0,1.0,

37. GINGER,92. Kerchat/Kemba Medium,5.5,5.5,5.5,5.5,5.5,5.5,5.5,5.5,5.5,

37. GINGER,112. Kunna/Mishe/Kefer/Enkib Medium,6.150000095367432,6.150000095367432,6.150000095367432,6.150000095367432,6.150000095367432,6.150000095367432,6.150000095367432,6.150000095367432,6.150000095367432,

37. GINGER,182. Tasa/Tanika/Shember/Selemon Medium,0.4099999964237213,0.4099999964237213,0.4099999964237213,0.4099999964237213,0.4099999964237213,0.4099999964237213,0.4099999964237213,0.4099999964237213,0.4099999964237213,

38. RED PEPPER,1. Kilogram,1.0,1.0,1.0,1.0,1.0,1.0,1.0,1.0,1.0,

38. RED PEPPER,2. Gram,0.0010000000474974,0.0010000000474974,0.0010000000474974,0.0010000000474974,0.0010000000474974,0.0010000000474974,0.0010000000474974,0.0010000000474974,0.0010000000474974,

38. RED PEPPER,3. Quintal,,,,,,,,,,

38. RED PEPPER,9. Melekiya,0.0199999995529651,0.0199999995529651,0.0199999995529651,0.0199999995529651,0.0199999995529651,0.0199999995529651,0.0199999995529651,0.0199999995529651,0.0199999995529651,

38. RED PEPPER,31. Birchiko Small,0.0799999982118606,0.0799999982118606,0.0799999982118606,0.0799999982118606,0.0799999982118606,0.0799999982118606,0.0799999982118606,0.0799999982118606,0.0799999982118606,

38. RED PEPPER,32. Birchiko Medium,0.1199999973177909,0.1199999973177909,0.1199999973177909,0.1199999973177909,0.1199999973177909,0.1199999973177909,0.1199999973177909,0.1199999973177909,0.1199999973177909,

38. RED PEPPER,33. Birchiko Large,0.1800000071525573,0.1800000071525573,0.1800000071525573,0.1800000071525573,0.1800000071525573,0.1800000071525573,0.1800000071525573,0.1800000071525573,0.1800000071525573,

38. RED PEPPER,72. Festal Medium,1.7999999523162842,1.7999999523162842,1.7999999523162842,1.7999999523162842,1.7999999523162842,1.7999999523162842,1.7999999523162842,1.7999999523162842,1.7999999523162842,

38. RED PEPPER,81. Joniya/Kasha Small,16.85099983215332,17.75,16.85099983215332,16.0,16.85099983215332,15.75,16.85099983215332,16.85099983215332,20.190000534057617,

38. RED PEPPER,82. Joniya/Kasha Medium,29.17300033569336,25.875,32.5,28.0,30.549999237060547,29.17300033569336,29.17300033569336,29.17300033569336,32.525001525878906,

38. RED PEPPER,83. Joniya/Kasha Large,65.13600158691406,65.13600158691406,65.13600158691406,64.0999984741211,57.16699981689453,65.13600158691406,65.13600158691406,65.13600158691406,65.13600158691406,

38. RED PEPPER,91. Kerchat/Kemba Small,2.109999895095825,2.109999895095825,2.109999895095825,2.109999895095825,2.109999895095825,2.109999895095825,2.109999895095825,2.109999895095825,2.109999895095825,

38. RED PEPPER,92. Kerchat/Kemba Medium,2.130000114440918,2.130000114440918,2.130000114440918,2.130000114440918,2.130000114440918,2.130000114440918,2.130000114440918,2.130000114440918,2.130000114440918,

38. RED PEPPER,93. Kerchat/Kemba Large,3.944999933242798,3.944999933242798,3.944999933242798,3.944999933242798,3.944999933242798,3.944999933242798,3.944999933242798,3.944999933242798,3.944999933242798,

38. RED PEPPER,101. Kubaya/Cup Small,0.0560000017285347,0.0560000017285347,0.0560000017285347,0.0560000017285347,0.0560000017285347,0.0560000017285347,0.0560000017285347,0.0560000017285347,0.0560000017285347,

38. RED PEPPER,102. Kubaya/Cup Medium,0.0769999995827674,0.0769999995827674,0.0769999995827674,0.0769999995827674,0.0750000029802322,0.0769999995827674,0.0780000016093254,0.0769999995827674,0.0769999995827674,

38. RED PEPPER,103. Kubaya/Cup Large,0.1550000011920929,0.1550000011920929,0.1550000011920929,0.1550000011920929,0.1850000023841858,0.1550000011920929,0.1550000011920929,0.1550000011920929,0.1550000011920929,

38. RED PEPPER,112. Kunna/Mishe/Kefer/Enkib Medium,1.1019999980926514,1.1019999980926514,1.1019999980926514,0.9399999976158142,1.2649999856948853,1.1019999980926514,1.1019999980926514,1.1019999980926514,1.1019999980926514,

38. RED PEPPER,121. Madaberia/Nuse/Shera/Cheret Small,16.85099983215332,17.75,16.85099983215332,16.0,16.85099983215332,15.75,16.85099983215332,16.85099983215332,20.190000534057617,

38. RED PEPPER,122. Madaberia/Nuse/Shera/Cheret Medium,29.17300033569336,25.875,32.5,28.0,30.549999237060547,29.17300033569336,29.17300033569336,29.17300033569336,32.525001525878906,

38. RED PEPPER,123. Madaberia/Nuse/Shera/Cheret Large,65.13600158691406,65.13600158691406,65.13600158691406,64.0999984741211,57.16699981689453,65.13600158691406,65.13600158691406,65.13600158691406,65.13600158691406,

38. RED PEPPER,131. Medeb Small,0.0099999997764825,0.0099999997764825,0.0099999997764825,0.0099999997764825,0.0099999997764825,0.0099999997764825,0.0099999997764825,0.0099999997764825,0.0099999997764825,

38. RED PEPPER,132. Medeb Medium,0.0199999995529651,0.0199999995529651,0.0199999995529651,0.0199999995529651,0.0199999995529651,0.0199999995529651,0.0199999995529651,0.0199999995529651,0.0199999995529651,

38. RED PEPPER,133. Medeb Large,0.0280000008642673,0.0280000008642673,0.0280000008642673,0.0280000008642673,0.0280000008642673,0.0280000008642673,0.0280000008642673,0.0280000008642673,0.0280000008642673,

38. RED PEPPER,152. Sahin Medium,0.2479999959468841,0.2479999959468841,0.2479999959468841,0.2479999959468841,0.2479999959468841,0.2479999959468841,0.2479999959468841,0.2479999959468841,0.2479999959468841,

38. RED PEPPER,171. Sini Small,0.0399999991059303,0.0399999991059303,0.0399999991059303,0.0399999991059303,0.0399999991059303,0.0399999991059303,0.0399999991059303,0.0399999991059303,0.0399999991059303,

38. RED PEPPER,172. Sini Medium,0.050000000745058,0.050000000745058,0.050000000745058,0.050000000745058,0.050000000745058,0.050000000745058,0.050000000745058,0.050000000745058,0.050000000745058,

38. RED PEPPER,181. Tasa/Tanika/Shember/Selemon Small,0.1099999994039535,0.1099999994039535,0.1099999994039535,0.1000000014901161,0.1099999994039535,0.1099999994039535,0.1199999973177909,0.1099999994039535,0.1099999994039535,

38. RED PEPPER,182. Tasa/Tanika/Shember/Selemon Medium,0.1749999970197677,0.1749999970197677,0.1749999970197677,0.1749999970197677,0.1749999970197677,0.1749999970197677,0.1749999970197677,0.1749999970197677,0.1749999970197677,

38. RED PEPPER,183. Tasa/Tanika/Shember/Selemon Large,0.25,0.25,0.25,0.25,0.25,0.25,0.25,0.25,0.25,

39. TUMERIC,1. Kilogram,1.0,1.0,1.0,1.0,1.0,1.0,1.0,1.0,1.0,

39. TUMERIC,3. Quintal,,,,,,,,,,

40. WHITE LUMIN,1. Kilogram,1.0,1.0,1.0,1.0,1.0,1.0,1.0,1.0,1.0,

41. APPLES,1. Kilogram,1.0,1.0,1.0,1.0,1.0,1.0,1.0,1.0,1.0,

42. BANANAS,1. Kilogram,1.0,1.0,1.0,1.0,1.0,1.0,1.0,1.0,1.0,

42. BANANAS,2. Gram,0.0010000000474974,0.0010000000474974,0.0010000000474974,0.0010000000474974,0.0010000000474974,0.0010000000474974,0.0010000000474974,0.0010000000474974,0.0010000000474974,

42. BANANAS,3. Quintal,,,,,,,,,,

42. BANANAS,6. Box/Casa,41.97200012207031,42.66699981689453,45.66699981689453,39.08300018310547,38.0,41.97200012207031,41.97200012207031,41.97200012207031,45.0,

42. BANANAS,41. Bunch Small,9.600000381469728,9.600000381469728,9.600000381469728,9.600000381469728,9.600000381469728,9.600000381469728,9.600000381469728,9.600000381469728,9.600000381469728,

42. BANANAS,42. Bunch Medium,17.5,17.5,17.5,17.5,17.5,17.5,17.5,17.5,17.5,

42. BANANAS,43. Bunch Large,19.07999992370605,19.07999992370605,19.07999992370605,19.07999992370605,19.07999992370605,19.07999992370605,19.07999992370605,19.07999992370605,19.07999992370605,

42. BANANAS,71. Festal Small,1.409000039100647,1.409000039100647,1.409000039100647,1.409000039100647,1.409000039100647,1.409000039100647,1.409000039100647,1.409000039100647,1.409000039100647,Used zenbile ratio for mangos to estimate container CF

42. BANANAS,72. Festal Medium,3.157999992370605,3.157999992370605,3.157999992370605,3.157999992370605,3.157999992370605,3.157999992370605,3.157999992370605,3.157999992370605,3.157999992370605,Used zenbile ratio for mangos to estimate container CF

42. BANANAS,73. Festal Large,6.775000095367432,6.775000095367432,6.775000095367432,6.775000095367432,6.775000095367432,6.775000095367432,6.775000095367432,6.775000095367432,6.775000095367432,Used zenbile ratio for mangos to estimate container CF

42. BANANAS,91. Kerchat/Kemba Small,8.758999824523926,8.758999824523926,8.758999824523926,8.758999824523926,8.758999824523926,8.758999824523926,8.758999824523926,8.758999824523926,8.758999824523926,

42. BANANAS,92. Kerchat/Kemba Medium,17.04800033569336,17.04800033569336,17.183000564575195,16.57699966430664,16.899999618530273,17.04800033569336,17.69499969482422,17.04800033569336,17.04800033569336,

42. BANANAS,93. Kerchat/Kemba Large,29.21699905395508,29.21699905395508,29.21699905395508,29.21699905395508,35.0,24.100000381469727,29.21699905395508,29.21699905395508,29.21699905395508,

42. BANANAS,131. Medeb Small,0.2800000011920929,0.2800000011920929,0.2800000011920929,0.2800000011920929,0.2800000011920929,0.2800000011920929,0.2800000011920929,0.2800000011920929,0.2800000011920929,

42. BANANAS,132. Medeb Medium,0.6100000143051147,0.6100000143051147,0.6100000143051147,0.6100000143051147,0.6100000143051147,0.6100000143051147,0.6100000143051147,0.6100000143051147,0.6100000143051147,

42. BANANAS,133. Medeb Large,1.0299999713897705,1.0299999713897705,1.0299999713897705,1.0299999713897705,1.0299999713897705,1.0299999713897705,1.0299999713897705,1.0299999713897705,1.0299999713897705,

42. BANANAS,141. Piece/number Small,0.0700000002980232,0.0700000002980232,0.0700000002980232,0.0700000002980232,0.0700000002980232,0.0700000002980232,0.0700000002980232,0.0700000002980232,0.0700000002980232,

42. BANANAS,142. Piece/number Medium,0.0900000035762786,0.0900000035762786,0.0900000035762786,0.0900000035762786,0.0900000035762786,0.0900000035762786,0.0900000035762786,0.0900000035762786,0.0900000035762786,

42. BANANAS,143. Piece/number Large,0.1000000014901161,0.1000000014901161,0.1000000014901161,0.1000000014901161,0.1000000014901161,0.1000000014901161,0.1000000014901161,0.1000000014901161,0.1000000014901161,

44. LEMONS,1. Kilogram,1.0,1.0,1.0,1.0,1.0,1.0,1.0,1.0,1.0,

44. LEMONS,2. Gram,0.0010000000474974,0.0010000000474974,0.0010000000474974,0.0010000000474974,0.0010000000474974,0.0010000000474974,0.0010000000474974,0.0010000000474974,0.0010000000474974,

44. LEMONS,3. Quintal,,,,,,,,,,

44. LEMONS,72. Festal Medium,4.295000076293945,4.295000076293945,4.295000076293945,4.295000076293945,4.295000076293945,4.295000076293945,4.295000076293945,4.295000076293945,4.295000076293945,

44. LEMONS,81. Joniya/Kasha Small,41.869998931884766,36.47999954223633,50.0,41.869998931884766,41.869998931884766,41.869998931884766,42.56999969482422,41.869998931884766,43.81999969482422,

44. LEMONS,82. Joniya/Kasha Medium,56.0,56.0,56.0,56.0,56.0,56.0,56.0,56.0,56.0,

44. LEMONS,83. Joniya/Kasha Large,,,,,,,,,,

44. LEMONS,92. Kerchat/Kemba Medium,14.942999839782717,14.942999839782717,14.942999839782717,14.942999839782717,14.942999839782717,14.942999839782717,14.942999839782717,14.942999839782717,14.942999839782717,

44. LEMONS,121. Madaberia/Nuse/Shera/Cheret Small,41.869998931884766,36.47999954223633,50.0,41.869998931884766,41.869998931884766,41.869998931884766,42.56999969482422,41.869998931884766,43.81999969482422,

44. LEMONS,122. Madaberia/Nuse/Shera/Cheret Medium,56.0,56.0,56.0,56.0,56.0,56.0,56.0,56.0,56.0,

44. LEMONS,123. Madaberia/Nuse/Shera/Cheret Large,,,,,,,,,,

44. LEMONS,141. Piece/number Small,0.0199999995529651,0.0199999995529651,0.0199999995529651,0.0199999995529651,0.0199999995529651,0.0199999995529651,0.0199999995529651,0.0199999995529651,0.0199999995529651,

44. LEMONS,142. Piece/number Medium,0.0299999993294477,0.0299999993294477,0.0299999993294477,0.0299999993294477,0.0299999993294477,0.0299999993294477,0.0299999993294477,0.0299999993294477,0.0299999993294477,

44. LEMONS,143. Piece/number Large,0.050000000745058,0.050000000745058,0.050000000745058,0.050000000745058,0.050000000745058,0.050000000745058,0.050000000745058,0.050000000745058,0.050000000745058,

45. MANDARINS,1. Kilogram,1.0,1.0,1.0,1.0,1.0,1.0,1.0,1.0,1.0,

46. MANGOS,1. Kilogram,1.0,1.0,1.0,1.0,1.0,1.0,1.0,1.0,1.0,

46. MANGOS,2. Gram,0.0010000000474974,0.0010000000474974,0.0010000000474974,0.0010000000474974,0.0010000000474974,0.0010000000474974,0.0010000000474974,0.0010000000474974,0.0010000000474974,

46. MANGOS,3. Quintal,,,,,,,,,,

46. MANGOS,6. Box/Casa,51.84799957275391,52.58300018310547,51.16699981689453,55.58300018310547,51.84799957275391,51.84799957275391,51.84799957275391,51.84799957275391,51.84799957275391,

46. MANGOS,71. Festal Small,2.313999891281128,2.313999891281128,2.313999891281128,2.313999891281128,2.313999891281128,2.313999891281128,2.313999891281128,2.313999891281128,2.313999891281128,

46. MANGOS,72. Festal Medium,5.182000160217285,5.182000160217285,5.182000160217285,5.182000160217285,6.15500020980835,5.182000160217285,5.019999980926514,5.182000160217285,5.182000160217285,

46. MANGOS,73. Festal Large,13.071000099182127,13.071000099182127,13.071000099182127,13.071000099182127,13.071000099182127,13.071000099182127,10.699000358581545,13.071000099182127,13.071000099182127,

46. MANGOS,81. Joniya/Kasha Small,29.356000900268555,29.356000900268555,29.356000900268555,29.356000900268555,29.356000900268555,29.850000381469727,29.232999801635746,29.356000900268555,29.356000900268555,

46. MANGOS,82. Joniya/Kasha Medium,55.04399871826172,55.04399871826172,55.04399871826172,55.04399871826172,57.810001373291016,54.59999847412109,54.0,55.04399871826172,51.0,

46. MANGOS,83. Joniya/Kasha Large,,,,,,,,,,

46. MANGOS,91. Kerchat/Kemba Small,14.819000244140623,14.819000244140623,12.482999801635742,14.913999557495115,14.819000244140623,14.819000244140623,16.96500015258789,14.819000244140623,14.819000244140623,

46. MANGOS,92. Kerchat/Kemba Medium,23.451000213623047,23.451000213623047,23.451000213623047,23.451000213623047,22.375,20.6200008392334,24.101999282836918,23.451000213623047,23.451000213623047,

46. MANGOS,93. Kerchat/Kemba Large,35.965999603271484,35.965999603271484,30.6299991607666,33.790000915527344,29.049999237060547,37.5,35.965999603271484,35.965999603271484,35.965999603271484,

46. MANGOS,121. Madaberia/Nuse/Shera/Cheret Small,29.356000900268555,29.356000900268555,29.356000900268555,29.356000900268555,29.356000900268555,29.850000381469727,29.232999801635746,29.356000900268555,29.356000900268555,

46. MANGOS,122. Madaberia/Nuse/Shera/Cheret Medium,55.04399871826172,55.04399871826172,55.04399871826172,55.04399871826172,57.810001373291016,54.59999847412109,54.0,55.04399871826172,51.0,

46. MANGOS,123. Madaberia/Nuse/Shera/Cheret Large,,,,,,,,,,

46. MANGOS,131. Medeb Small,0.5299999713897705,0.5299999713897705,0.5299999713897705,0.5299999713897705,0.5299999713897705,0.5299999713897705,0.5299999713897705,0.5299999713897705,0.5299999713897705,

46. MANGOS,132. Medeb Medium,1.0299999713897705,1.0299999713897705,1.0299999713897705,1.0299999713897705,1.0299999713897705,1.0299999713897705,1.0299999713897705,1.0299999713897705,1.0299999713897705,

46. MANGOS,133. Medeb Large,1.4700000286102295,1.4700000286102295,1.4700000286102295,1.4700000286102295,1.4700000286102295,1.4700000286102295,1.4700000286102295,1.4700000286102295,1.4700000286102295,

46. MANGOS,141. Piece/number Small,0.1899999976158142,0.1899999976158142,0.1899999976158142,0.1899999976158142,0.1899999976158142,0.1899999976158142,0.1899999976158142,0.1899999976158142,0.1899999976158142,

46. MANGOS,142. Piece/number Medium,0.3799999952316284,0.3799999952316284,0.3799999952316284,0.3799999952316284,0.3799999952316284,0.3799999952316284,0.3799999952316284,0.3799999952316284,0.3799999952316284,

46. MANGOS,143. Piece/number Large,0.6800000071525574,0.6800000071525574,0.6800000071525574,0.6800000071525574,0.6800000071525574,0.6800000071525574,0.6800000071525574,0.6800000071525574,0.6800000071525574,

46. MANGOS,152. Sahin Medium,17.844999313354492,17.844999313354492,17.844999313354492,17.844999313354492,17.844999313354492,17.844999313354492,17.844999313354492,17.844999313354492,17.844999313354492,

47. ORANGES,1. Kilogram,1.0,1.0,1.0,1.0,1.0,1.0,1.0,1.0,1.0,

47. ORANGES,3. Quintal,,,,,,,,,,

47. ORANGES,6. Box/Casa,49.75,49.75,49.75,49.75,49.75,49.75,49.75,49.75,49.75,

47. ORANGES,72. Festal Medium,2.940000057220459,2.940000057220459,2.940000057220459,2.940000057220459,2.940000057220459,2.940000057220459,2.940000057220459,2.940000057220459,2.940000057220459,

47. ORANGES,81. Joniya/Kasha Small,28.371000289916992,27.5,30.0,28.371000289916992,28.371000289916992,26.267000198364254,27.165000915527344,28.371000289916992,28.371000289916992,

47. ORANGES,82. Joniya/Kasha Medium,49.9900016784668,45.0,50.0,49.9900016784668,49.9900016784668,49.9900016784668,49.9900016784668,49.9900016784668,49.83300018310547,

47. ORANGES,83. Joniya/Kasha Large,,,,,,70.0,70.0,,,

47. ORANGES,91. Kerchat/Kemba Small,7.784999847412109,7.784999847412109,7.34499979019165,7.296999931335449,7.784999847412109,7.784999847412109,9.199999809265137,7.784999847412109,7.784999847412109,

47. ORANGES,92. Kerchat/Kemba Medium,14.175000190734863,14.175000190734863,14.449999809265137,14.449999809265137,13.8100004196167,14.175000190734863,13.989999771118164,14.175000190734863,14.175000190734863,

47. ORANGES,93. Kerchat/Kemba Large,25.891000747680664,25.891000747680664,25.891000747680664,23.25,25.891000747680664,25.891000747680664,25.891000747680664,25.891000747680664,25.891000747680664,

47. ORANGES,121. Madaberia/Nuse/Shera/Cheret Small,28.371000289916992,27.5,30.0,28.371000289916992,28.371000289916992,26.267000198364254,27.165000915527344,28.371000289916992,28.371000289916992,

47. ORANGES,122. Madaberia/Nuse/Shera/Cheret Medium,49.9900016784668,45.0,50.0,49.9900016784668,49.9900016784668,49.9900016784668,49.9900016784668,49.9900016784668,49.83300018310547,

47. ORANGES,123. Madaberia/Nuse/Shera/Cheret Large,,,,,,70.0,70.0,,,

47. ORANGES,131. Medeb Small,0.4000000059604645,0.4000000059604645,0.4000000059604645,0.4000000059604645,0.4000000059604645,0.4000000059604645,0.4000000059604645,0.4000000059604645,0.4000000059604645,

47. ORANGES,132. Medeb Medium,0.7300000190734863,0.7300000190734863,0.7300000190734863,0.7300000190734863,0.7300000190734863,0.7300000190734863,0.7300000190734863,0.7300000190734863,0.7300000190734863,

47. ORANGES,133. Medeb Large,1.1699999570846558,1.1699999570846558,1.1699999570846558,1.1699999570846558,1.1699999570846558,1.1699999570846558,1.1699999570846558,1.1699999570846558,1.1699999570846558,

47. ORANGES,141. Piece/number Small,0.1299999952316284,0.1299999952316284,0.1299999952316284,0.1299999952316284,0.1299999952316284,0.1299999952316284,0.1299999952316284,0.1299999952316284,0.1299999952316284,

47. ORANGES,142. Piece/number Medium,0.3000000119209289,0.3000000119209289,0.3000000119209289,0.3000000119209289,0.3000000119209289,0.3000000119209289,0.3000000119209289,0.3000000119209289,0.3000000119209289,

47. ORANGES,143. Piece/number Large,0.449999988079071,0.449999988079071,0.449999988079071,0.449999988079071,0.449999988079071,0.449999988079071,0.449999988079071,0.449999988079071,0.449999988079071,

47. ORANGES,152. Sahin Medium,12.96500015258789,12.96500015258789,12.96500015258789,12.96500015258789,12.96500015258789,12.96500015258789,12.96500015258789,12.96500015258789,12.96500015258789,

48. PAPAYA,1. Kilogram,1.0,1.0,1.0,1.0,1.0,1.0,1.0,1.0,1.0,

48. PAPAYA,2. Gram,0.0010000000474974,0.0010000000474974,0.0010000000474974,0.0010000000474974,0.0010000000474974,0.0010000000474974,0.0010000000474974,0.0010000000474974,0.0010000000474974,

48. PAPAYA,3. Quintal,,,,,,,,,,

48. PAPAYA,6. Box/Casa,59.16699981689453,56.5,56.5,64.5,59.16699981689453,59.16699981689453,59.16699981689453,59.16699981689453,59.16699981689453,

48. PAPAYA,91. Kerchat/Kemba Small,6.547999858856201,6.547999858856201,6.090000152587891,6.090000152587891,6.547999858856201,6.547999858856201,6.547999858856201,6.547999858856201,7.465000152587891,

48. PAPAYA,93. Kerchat/Kemba Large,12.17099952697754,12.17099952697754,12.6850004196167,12.6850004196167,12.17099952697754,12.17099952697754,11.656999588012695,12.17099952697754,12.17099952697754,

48. PAPAYA,131. Medeb Small,0.8100000023841858,0.8100000023841858,0.8100000023841858,0.8100000023841858,0.8100000023841858,0.8100000023841858,0.8100000023841858,0.8100000023841858,0.8100000023841858,

48. PAPAYA,132. Medeb Medium,1.4500000476837158,1.4500000476837158,1.4500000476837158,1.4500000476837158,1.4500000476837158,1.4500000476837158,1.4500000476837158,1.4500000476837158,1.4500000476837158,

48. PAPAYA,133. Medeb Large,2.559999942779541,2.559999942779541,2.559999942779541,2.559999942779541,2.559999942779541,2.559999942779541,2.559999942779541,2.559999942779541,2.559999942779541,

48. PAPAYA,141. Piece/number Small,0.2599999904632568,0.2599999904632568,0.2599999904632568,0.2599999904632568,0.2599999904632568,0.2599999904632568,0.2599999904632568,0.2599999904632568,0.2599999904632568,

48. PAPAYA,142. Piece/number Medium,0.8299999833106995,0.8299999833106995,0.8299999833106995,0.8299999833106995,0.8299999833106995,0.8299999833106995,0.8299999833106995,0.8299999833106995,0.8299999833106995,

48. PAPAYA,143. Piece/number Large,1.2319999933242798,1.2319999933242798,1.2319999933242798,1.2319999933242798,1.2319999933242798,1.2319999933242798,1.2319999933242798,1.2319999933242798,1.2319999933242798,

48. PAPAYA,152. Sahin Medium,14.380000114440918,14.380000114440918,14.380000114440918,14.380000114440918,14.380000114440918,14.380000114440918,14.380000114440918,14.380000114440918,14.380000114440918,

50. CITRON,1. Kilogram,1.0,1.0,1.0,1.0,1.0,1.0,1.0,1.0,1.0,

50. CITRON,3. Quintal,,,,,,,,,,

51. BEER ROOT,1. Kilogram,1.0,1.0,1.0,1.0,1.0,1.0,1.0,1.0,1.0,

51. BEER ROOT,3. Quintal,,,,,,,,,,

51. BEER ROOT,131. Medeb Small,0.4000000059604645,0.4000000059604645,0.4000000059604645,0.4000000059604645,0.4000000059604645,0.4000000059604645,0.4000000059604645,0.4000000059604645,0.4000000059604645,

51. BEER ROOT,132. Medeb Medium,0.6700000166893005,0.6700000166893005,0.6700000166893005,0.6700000166893005,0.6700000166893005,0.6700000166893005,0.6700000166893005,0.6700000166893005,0.6700000166893005,

51. BEER ROOT,133. Medeb Large,1.2699999809265137,1.2699999809265137,1.2699999809265137,1.2699999809265137,1.2699999809265137,1.2699999809265137,1.2699999809265137,1.2699999809265137,1.2699999809265137,

51. BEER ROOT,141. Piece/number Small,0.1299999952316284,0.1299999952316284,0.1299999952316284,0.1299999952316284,0.1299999952316284,0.1299999952316284,0.1299999952316284,0.1299999952316284,0.1299999952316284,

51. BEER ROOT,142. Piece/number Medium,0.3100000023841858,0.3100000023841858,0.3100000023841858,0.3100000023841858,0.3100000023841858,0.3100000023841858,0.3100000023841858,0.3100000023841858,0.3100000023841858,

51. BEER ROOT,143. Piece/number Large,0.6499999761581421,0.6499999761581421,0.6499999761581421,0.6499999761581421,0.6499999761581421,0.6499999761581421,0.6499999761581421,0.6499999761581421,0.6499999761581421,

52. CABBAGE,1. Kilogram,1.0,1.0,1.0,1.0,1.0,1.0,1.0,1.0,1.0,

52. CABBAGE,3. Quintal,,,,,,,,,,

52. CABBAGE,141. Piece/number Small,0.6399999856948853,0.6399999856948853,0.6399999856948853,0.6399999856948853,0.6399999856948853,0.6399999856948853,0.6399999856948853,0.6399999856948853,0.6399999856948853,

52. CABBAGE,142. Piece/number Medium,2.930000066757202,2.930000066757202,2.930000066757202,2.930000066757202,2.930000066757202,2.930000066757202,2.930000066757202,2.930000066757202,2.930000066757202,

52. CABBAGE,143. Piece/number Large,4.699999809265137,4.699999809265137,4.699999809265137,4.699999809265137,4.699999809265137,4.699999809265137,4.699999809265137,4.699999809265137,4.699999809265137,

53. CARROT,1. Kilogram,1.0,1.0,1.0,1.0,1.0,1.0,1.0,1.0,1.0,

53. CARROT,2. Gram,0.0010000000474974,0.0010000000474974,0.0010000000474974,0.0010000000474974,0.0010000000474974,0.0010000000474974,0.0010000000474974,0.0010000000474974,0.0010000000474974,

53. CARROT,3. Quintal,,,,,,,,,,

53. CARROT,131. Medeb Small,0.1199999973177909,0.1199999973177909,0.1199999973177909,0.1199999973177909,0.1199999973177909,0.1199999973177909,0.1199999973177909,0.1199999973177909,0.1199999973177909,

53. CARROT,132. Medeb Medium,0.6100000143051147,0.6100000143051147,0.6100000143051147,0.6100000143051147,0.6100000143051147,0.6100000143051147,0.6100000143051147,0.6100000143051147,0.6100000143051147,

53. CARROT,133. Medeb Large,0.9800000190734864,0.9800000190734864,0.9800000190734864,0.9800000190734864,0.9800000190734864,0.9800000190734864,0.9800000190734864,0.9800000190734864,0.9800000190734864,

53. CARROT,141. Piece/number Small,0.050000000745058,0.050000000745058,0.050000000745058,0.050000000745058,0.050000000745058,0.050000000745058,0.050000000745058,0.050000000745058,0.050000000745058,

53. CARROT,142. Piece/number Medium,0.0900000035762786,0.0900000035762786,0.0900000035762786,0.0900000035762786,0.0900000035762786,0.0900000035762786,0.0900000035762786,0.0900000035762786,0.0900000035762786,

53. CARROT,143. Piece/number Large,0.1299999952316284,0.1299999952316284,0.1299999952316284,0.1299999952316284,0.1299999952316284,0.1299999952316284,0.1299999952316284,0.1299999952316284,0.1299999952316284,

55. GARLIC,1. Kilogram,1.0,1.0,1.0,1.0,1.0,1.0,1.0,1.0,1.0,

55. GARLIC,3. Quintal,,,,,,,,,,

55. GARLIC,62. Esir Medium,0.8799999952316284,0.8799999952316284,0.8799999952316284,0.8799999952316284,0.8799999952316284,0.8799999952316284,0.8799999952316284,0.8799999952316284,0.8799999952316284,

55. GARLIC,81. Joniya/Kasha Small,25.100000381469727,21.5,25.100000381469727,25.100000381469727,23.0,25.100000381469727,25.100000381469727,25.100000381469727,25.100000381469727,

55. GARLIC,82. Joniya/Kasha Medium,51.20000076293945,56.0,51.20000076293945,51.20000076293945,50.0,51.20000076293945,51.20000076293945,51.20000076293945,51.20000076293945,

55. GARLIC,83. Joniya/Kasha Large,,,,,,,,,,

55. GARLIC,91. Kerchat/Kemba Small,6.275000095367432,6.275000095367432,6.275000095367432,6.275000095367432,6.275000095367432,6.275000095367432,6.275000095367432,6.275000095367432,6.275000095367432,

55. GARLIC,93. Kerchat/Kemba Large,25.700000762939453,25.700000762939453,25.700000762939453,25.700000762939453,25.700000762939453,25.700000762939453,25.700000762939453,25.700000762939453,25.700000762939453,

55. GARLIC,102. Kubaya/Cup Medium,0.2000000029802322,0.2000000029802322,0.2000000029802322,0.2000000029802322,0.2000000029802322,0.2000000029802322,0.2000000029802322,0.2000000029802322,0.2000000029802322,

55. GARLIC,112. Kunna/Mishe/Kefer/Enkib Medium,5.855000019073486,5.855000019073486,5.639999866485596,5.927000045776367,5.855000019073486,5.855000019073486,5.855000019073486,5.855000019073486,5.855000019073486,

55. GARLIC,121. Madaberia/Nuse/Shera/Cheret Small,25.100000381469727,21.5,25.100000381469727,25.100000381469727,23.0,25.100000381469727,25.100000381469727,25.100000381469727,25.100000381469727,

55. GARLIC,122. Madaberia/Nuse/Shera/Cheret Medium,51.20000076293945,56.0,51.20000076293945,51.20000076293945,50.0,51.20000076293945,51.20000076293945,51.20000076293945,51.20000076293945,

55. GARLIC,123. Madaberia/Nuse/Shera/Cheret Large,,,,,,,,,,

55. GARLIC,131. Medeb Small,0.0599999986588954,0.0599999986588954,0.0599999986588954,0.0599999986588954,0.0599999986588954,0.0599999986588954,0.0599999986588954,0.0599999986588954,0.0599999986588954,

55. GARLIC,132. Medeb Medium,0.1000000014901161,0.1000000014901161,0.1000000014901161,0.1000000014901161,0.1000000014901161,0.1000000014901161,0.1000000014901161,0.1000000014901161,0.1000000014901161,

55. GARLIC,133. Medeb Large,0.209999993443489,0.209999993443489,0.209999993443489,0.209999993443489,0.209999993443489,0.209999993443489,0.209999993443489,0.209999993443489,0.209999993443489,

55. GARLIC,151. Sahin Small,0.6769999861717224,0.6769999861717224,0.6769999861717224,0.6769999861717224,0.6769999861717224,0.6769999861717224,0.6309999823570251,0.6769999861717224,0.6769999861717224,

55. GARLIC,152. Sahin Medium,1.0789999961853027,1.0789999961853027,1.0789999961853027,1.0789999961853027,1.0789999961853027,1.0789999961853027,1.00600004196167,1.0789999961853027,1.0789999961853027,

55. GARLIC,153. Sahin Large,1.7669999599456787,1.7669999599456787,1.7669999599456787,1.7669999599456787,1.7669999599456787,1.7669999599456787,1.8220000267028809,1.7669999599456787,1.7669999599456787,

55. GARLIC,181. Tasa/Tanika/Shember/Selemon Small,0.4440000057220459,0.4099999964237213,0.4440000057220459,0.4880000054836273,0.4440000057220459,0.4440000057220459,0.4469999969005584,0.4440000057220459,0.4440000057220459,

55. GARLIC,182. Tasa/Tanika/Shember/Selemon Medium,0.609000027179718,0.6399999856948853,0.6399999856948853,0.6000000238418579,0.609000027179718,0.609000027179718,0.6019999980926514,0.609000027179718,0.609000027179718,

55. GARLIC,183. Tasa/Tanika/Shember/Selemon Large,0.890999972820282,0.890999972820282,0.890999972820282,0.890999972820282,0.890999972820282,0.890999972820282,0.7260000109672546,0.890999972820282,0.890999972820282,

56. KALE,1. Kilogram,1.0,1.0,1.0,1.0,1.0,1.0,1.0,1.0,1.0,

56. KALE,3. Quintal,,,,,,,,,,

56. KALE,61. Esir Small,0.5099999904632568,0.5099999904632568,0.5099999904632568,0.5099999904632568,0.5099999904632568,0.5099999904632568,0.5099999904632568,0.5099999904632568,0.5099999904632568,

56. KALE,62. Esir Medium,0.8700000047683716,0.8700000047683716,0.8700000047683716,0.8700000047683716,0.8700000047683716,0.8700000047683716,0.8700000047683716,0.8700000047683716,0.8700000047683716,

56. KALE,63. Esir Large,1.919999957084656,1.919999957084656,1.919999957084656,1.919999957084656,1.919999957084656,1.919999957084656,1.919999957084656,1.919999957084656,1.919999957084656,

56. KALE,81. Joniya/Kasha Small,11.642000198364258,11.642000198364258,13.630000114440918,13.630000114440918,9.928000450134276,11.642000198364258,12.80500030517578,11.642000198364258,11.642000198364258,

56. KALE,82. Joniya/Kasha Medium,24.75300025939941,24.75300025939941,24.75300025939941,24.75300025939941,23.73500061035156,24.75300025939941,24.75300025939941,24.75300025939941,24.75300025939941,

56. KALE,83. Joniya/Kasha Large,41.40299987792969,41.40299987792969,41.40299987792969,41.40299987792969,41.40299987792969,35.0,36.25699996948242,41.40299987792969,41.40299987792969,

56. KALE,91. Kerchat/Kemba Small,7.532999992370605,7.532999992370605,7.532999992370605,9.03499984741211,7.532999992370605,6.03000020980835,7.532999992370605,7.532999992370605,7.532999992370605,

56. KALE,93. Kerchat/Kemba Large,11.850000381469728,11.850000381469728,11.850000381469728,11.850000381469728,11.850000381469728,11.850000381469728,11.850000381469728,11.850000381469728,11.850000381469728,

56. KALE,121. Madaberia/Nuse/Shera/Cheret Small,11.642000198364258,11.642000198364258,13.630000114440918,13.630000114440918,9.928000450134276,11.642000198364258,12.80500030517578,11.642000198364258,11.642000198364258,

56. KALE,122. Madaberia/Nuse/Shera/Cheret Medium,24.75300025939941,24.75300025939941,24.75300025939941,24.75300025939941,23.73500061035156,24.75300025939941,24.75300025939941,24.75300025939941,24.75300025939941,

56. KALE,123. Madaberia/Nuse/Shera/Cheret Large,41.40299987792969,41.40299987792969,41.40299987792969,41.40299987792969,41.40299987792969,35.0,36.25699996948242,41.40299987792969,41.40299987792969,

56. KALE,131. Medeb Small,0.3600000143051147,0.3600000143051147,0.3600000143051147,0.3600000143051147,0.3600000143051147,0.3600000143051147,0.3600000143051147,0.3600000143051147,0.3600000143051147,

56. KALE,132. Medeb Medium,0.550000011920929,0.550000011920929,0.550000011920929,0.550000011920929,0.550000011920929,0.550000011920929,0.550000011920929,0.550000011920929,0.550000011920929,

56. KALE,133. Medeb Large,1.1299999952316284,1.1299999952316284,1.1299999952316284,1.1299999952316284,1.1299999952316284,1.1299999952316284,1.1299999952316284,1.1299999952316284,1.1299999952316284,

56. KALE,161. Shekim Small,7.269999980926514,7.269999980926514,7.269999980926514,7.269999980926514,7.269999980926514,7.269999980926514,7.269999980926514,7.269999980926514,7.269999980926514,

56. KALE,162. Shekim Medium,21.65999984741211,21.65999984741211,21.65999984741211,21.65999984741211,21.65999984741211,21.65999984741211,21.65999984741211,21.65999984741211,21.65999984741211,

56. KALE,163. Shekim Large,41.0,41.0,41.0,41.0,41.0,41.0,41.0,41.0,41.0,

57. LETTUCE,1. Kilogram,1.0,1.0,1.0,1.0,1.0,1.0,1.0,1.0,1.0,

58. ONION,1. Kilogram,1.0,1.0,1.0,1.0,1.0,1.0,1.0,1.0,1.0,

58. ONION,3. Quintal,,,,,,,,,,

58. ONION,6. Box/Casa,52.5,52.5,53.5,48.5,52.5,52.5,54.0,50.5,52.5,

58. ONION,51. Chinet Small,22.440000534057617,22.440000534057617,22.440000534057617,22.440000534057617,22.440000534057617,22.440000534057617,22.440000534057617,22.440000534057617,22.440000534057617,

58. ONION,53. Chinet Large,43.91999816894531,43.91999816894531,43.91999816894531,43.91999816894531,43.91999816894531,43.91999816894531,43.91999816894531,43.91999816894531,43.91999816894531,

58. ONION,61. Esir Small,0.4199999868869781,0.4199999868869781,0.4199999868869781,0.4199999868869781,0.4199999868869781,0.4199999868869781,0.4199999868869781,0.4199999868869781,0.4199999868869781,

58. ONION,62. Esir Medium,0.9100000262260436,0.9100000262260436,0.9100000262260436,0.9100000262260436,0.9100000262260436,0.9100000262260436,0.9100000262260436,0.9100000262260436,0.9100000262260436,

58. ONION,63. Esir Large,1.3600000143051147,1.3600000143051147,1.3600000143051147,1.3600000143051147,1.3600000143051147,1.3600000143051147,1.3600000143051147,1.3600000143051147,1.3600000143051147,

58. ONION,81. Joniya/Kasha Small,36.01900100708008,35.1879997253418,38.22200012207031,36.8129997253418,29.551000595092773,36.01900100708008,36.01900100708008,36.01900100708008,36.01900100708008,

58. ONION,82. Joniya/Kasha Medium,,,68.5,,,,69.21399688720703,,,

58. ONION,83. Joniya/Kasha Large,,,,,,,,,,

58. ONION,92. Kerchat/Kemba Medium,10.75,10.75,10.75,10.75,10.75,10.75,10.75,10.75,10.75,

58. ONION,121. Madaberia/Nuse/Shera/Cheret Small,36.01900100708008,35.1879997253418,38.22200012207031,36.8129997253418,29.551000595092773,36.01900100708008,36.01900100708008,36.01900100708008,36.01900100708008,

58. ONION,122. Madaberia/Nuse/Shera/Cheret Medium,,,68.5,,,,69.21399688720703,,,

58. ONION,123. Madaberia/Nuse/Shera/Cheret Large,,,,,,,,,,

58. ONION,131. Medeb Small,0.3600000143051147,0.3600000143051147,0.3600000143051147,0.3600000143051147,0.3600000143051147,0.3600000143051147,0.3600000143051147,0.3600000143051147,0.3600000143051147,

58. ONION,132. Medeb Medium,0.7599999904632568,0.7599999904632568,0.7599999904632568,0.7599999904632568,0.7599999904632568,0.7599999904632568,0.7599999904632568,0.7599999904632568,0.7599999904632568,

58. ONION,133. Medeb Large,1.0199999809265137,1.0199999809265137,1.0199999809265137,1.0199999809265137,1.0199999809265137,1.0199999809265137,1.0199999809265137,1.0199999809265137,1.0199999809265137,

58. ONION,141. Piece/number Small,0.0700000002980232,0.0700000002980232,0.0700000002980232,0.0700000002980232,0.0700000002980232,0.0700000002980232,0.0700000002980232,0.0700000002980232,0.0700000002980232,

58. ONION,142. Piece/number Medium,0.1800000071525573,0.1800000071525573,0.1800000071525573,0.1800000071525573,0.1800000071525573,0.1800000071525573,0.1800000071525573,0.1800000071525573,0.1800000071525573,

58. ONION,143. Piece/number Large,0.2300000041723251,0.2300000041723251,0.2300000041723251,0.2300000041723251,0.2300000041723251,0.2300000041723251,0.2300000041723251,0.2300000041723251,0.2300000041723251,

58. ONION,152. Sahin Medium,1.4220000505447388,1.4220000505447388,1.4220000505447388,1.4220000505447388,1.4220000505447388,1.4220000505447388,1.4220000505447388,1.4220000505447388,1.4220000505447388,

58. ONION,181. Tasa/Tanika/Shember/Selemon Small,0.847000002861023,0.847000002861023,0.847000002861023,0.847000002861023,0.847000002861023,0.847000002861023,0.847000002861023,0.847000002861023,0.847000002861023,

58. ONION,182. Tasa/Tanika/Shember/Selemon Medium,1.3700000047683716,1.3700000047683716,1.3700000047683716,1.3700000047683716,1.3700000047683716,1.3700000047683716,1.3700000047683716,1.3700000047683716,1.3700000047683716,

58. ONION,183. Tasa/Tanika/Shember/Selemon Large,2.3499999046325684,2.3499999046325684,2.3499999046325684,2.3499999046325684,2.3499999046325684,2.3499999046325684,2.3499999046325684,2.3499999046325684,2.3499999046325684,

59. GREEN PEPPER,1. Kilogram,1.0,1.0,1.0,1.0,1.0,1.0,1.0,1.0,1.0,

59. GREEN PEPPER,2. Gram,0.0010000000474974,0.0010000000474974,0.0010000000474974,0.0010000000474974,0.0010000000474974,0.0010000000474974,0.0010000000474974,0.0010000000474974,0.0010000000474974,

59. GREEN PEPPER,8. Jog,0.4550000131130218,0.4550000131130218,0.4550000131130218,0.4550000131130218,0.4550000131130218,0.4550000131130218,0.4550000131130218,0.4550000131130218,0.4550000131130218,

59. GREEN PEPPER,21. Akumada/Dawla/Lekota Small,12.61299991607666,12.61299991607666,12.61299991607666,12.61299991607666,12.61299991607666,12.61299991607666,12.61299991607666,12.61299991607666,12.61299991607666,Used large sini ratio for fenugreek to estimate container CF

59. GREEN PEPPER,22. Akumada/Dawla/Lekota Large,18.920000076293945,18.920000076293945,18.920000076293945,18.920000076293945,18.920000076293945,18.920000076293945,18.920000076293945,18.920000076293945,18.920000076293945,Used large sini ratio for fenugreek to estimate container CF

59. GREEN PEPPER,31. Birchiko Small,0.0590000003576278,0.0590000003576278,0.0590000003576278,0.0590000003576278,0.0590000003576278,0.0590000003576278,0.0590000003576278,0.0590000003576278,0.0590000003576278,Used large sini ratio for fenugreek to estimate container CF

59. GREEN PEPPER,32. Birchiko Medium,0.0930000022053718,0.0930000022053718,0.0930000022053718,0.0930000022053718,0.0930000022053718,0.0930000022053718,0.0930000022053718,0.0930000022053718,0.0930000022053718,Used large sini ratio for fenugreek to estimate container CF

59. GREEN PEPPER,33. Birchiko Large,0.1289999932050705,0.1289999932050705,0.1289999932050705,0.1289999932050705,0.1289999932050705,0.1289999932050705,0.1289999932050705,0.1289999932050705,0.1289999932050705,Used large sini ratio for fenugreek to estimate container CF

59. GREEN PEPPER,71. Festal Small,1.4190000295639038,1.4190000295639038,1.4190000295639038,1.4190000295639038,1.4190000295639038,1.4190000295639038,1.3880000114440918,1.4190000295639038,1.4190000295639038,

59. GREEN PEPPER,72. Festal Medium,3.190999984741211,3.338000059127808,3.338000059127808,3.190999984741211,3.1459999084472656,3.190999984741211,3.069999933242798,3.190999984741211,3.190999984741211,

59. GREEN PEPPER,73. Festal Large,6.886000156402588,6.886000156402588,6.886000156402588,6.886000156402588,5.948999881744385,6.886000156402588,6.886000156402588,6.886000156402588,6.886000156402588,

59. GREEN PEPPER,81. Joniya/Kasha Small,23.35400009155273,24.700000762939453,24.700000762939453,23.242000579833984,20.649999618530277,23.35400009155273,23.35400009155273,23.35400009155273,23.700000762939453,

59. GREEN PEPPER,82. Joniya/Kasha Medium,33.270999908447266,33.270999908447266,33.270999908447266,30.80500030517578,32.025001525878906,33.270999908447266,31.38500022888184,33.270999908447266,33.270999908447266,

59. GREEN PEPPER,83. Joniya/Kasha Large,59.91699981689453,55.33300018310547,59.91699981689453,59.91699981689453,63.5,59.91699981689453,65.0,59.91699981689453,59.91699981689453,

59. GREEN PEPPER,91. Kerchat/Kemba Small,4.934999942779541,4.934999942779541,4.934999942779541,4.934999942779541,4.934999942779541,4.934999942779541,4.934999942779541,4.934999942779541,4.934999942779541,

59. GREEN PEPPER,92. Kerchat/Kemba Medium,11.75,11.75,11.75,11.75,11.75,11.75,11.75,11.75,11.75,

59. GREEN PEPPER,93. Kerchat/Kemba Large,22.315000534057617,22.315000534057617,22.315000534057617,22.315000534057617,22.315000534057617,22.315000534057617,22.315000534057617,22.315000534057617,22.315000534057617,

59. GREEN PEPPER,101. Kubaya/Cup Small,0.1199999973177909,0.1199999973177909,0.1199999973177909,0.1199999973177909,0.1199999973177909,0.1199999973177909,0.1199999973177909,0.1199999973177909,0.1199999973177909,Used large sini ratio for fenugreek to estimate container CF

59. GREEN PEPPER,102. Kubaya/Cup Medium,0.1550000011920929,0.1550000011920929,0.1550000011920929,0.1550000011920929,0.1550000011920929,0.1550000011920929,0.1550000011920929,0.1550000011920929,0.1550000011920929,Used large sini ratio for fenugreek to estimate container CF

59. GREEN PEPPER,103. Kubaya/Cup Large,0.3149999976158142,0.3149999976158142,0.3149999976158142,0.3149999976158142,0.3149999976158142,0.3149999976158142,0.3149999976158142,0.3149999976158142,0.3149999976158142,Used large sini ratio for fenugreek to estimate container CF

59. GREEN PEPPER,111. Kunna/Mishe/Kefer/Enkib Small,1.7029999494552612,1.7029999494552612,1.7029999494552612,1.7029999494552612,1.7029999494552612,1.7029999494552612,1.7029999494552612,1.7029999494552612,1.7029999494552612,Used large sini ratio for fenugreek to estimate container CF

59. GREEN PEPPER,112. Kunna/Mishe/Kefer/Enkib Medium,3.365000009536743,3.365000009536743,3.365000009536743,3.365000009536743,3.365000009536743,3.365000009536743,3.365000009536743,3.365000009536743,3.365000009536743,Used large sini ratio for fenugreek to estimate container CF

59. GREEN PEPPER,113. Kunna/Mishe/Kefer/Enkib Large,6.301000118255615,6.301000118255615,6.301000118255615,6.301000118255615,6.301000118255615,6.301000118255615,6.301000118255615,6.301000118255615,6.301000118255615,Used large sini ratio for fenugreek to estimate container CF

59. GREEN PEPPER,121. Madaberia/Nuse/Shera/Cheret Small,23.35400009155273,24.700000762939453,24.700000762939453,23.242000579833984,20.649999618530277,23.35400009155273,23.35400009155273,23.35400009155273,23.700000762939453,

59. GREEN PEPPER,122. Madaberia/Nuse/Shera/Cheret Medium,33.270999908447266,33.270999908447266,33.270999908447266,30.80500030517578,32.025001525878906,33.270999908447266,31.38500022888184,33.270999908447266,33.270999908447266,

59. GREEN PEPPER,123. Madaberia/Nuse/Shera/Cheret Large,59.91699981689453,55.33300018310547,59.91699981689453,59.91699981689453,63.5,59.91699981689453,65.0,59.91699981689453,59.91699981689453,

59. GREEN PEPPER,131. Medeb Small,0.0700000002980232,0.0700000002980232,0.0700000002980232,0.0700000002980232,0.0700000002980232,0.0700000002980232,0.0700000002980232,0.0700000002980232,0.0700000002980232,

59. GREEN PEPPER,132. Medeb Medium,0.1599999964237213,0.1599999964237213,0.1599999964237213,0.1599999964237213,0.1599999964237213,0.1599999964237213,0.1599999964237213,0.1599999964237213,0.1599999964237213,

59. GREEN PEPPER,133. Medeb Large,0.2800000011920929,0.2800000011920929,0.2800000011920929,0.2800000011920929,0.2800000011920929,0.2800000011920929,0.2800000011920929,0.2800000011920929,0.2800000011920929,

59. GREEN PEPPER,141. Piece/number Small,0.0099999997764825,0.0099999997764825,0.0099999997764825,0.0099999997764825,0.0099999997764825,0.0099999997764825,0.0099999997764825,0.0099999997764825,0.0099999997764825,

59. GREEN PEPPER,142. Piece/number Medium,0.0149999996647238,0.0149999996647238,0.0149999996647238,0.0149999996647238,0.0149999996647238,0.0149999996647238,0.0149999996647238,0.0149999996647238,0.0149999996647238,

59. GREEN PEPPER,143. Piece/number Large,0.0199999995529651,0.0199999995529651,0.0199999995529651,0.0199999995529651,0.0199999995529651,0.0199999995529651,0.0199999995529651,0.0199999995529651,0.0199999995529651,

59. GREEN PEPPER,151. Sahin Small,0.3700000047683716,0.3700000047683716,0.3700000047683716,0.3700000047683716,0.3700000047683716,0.3700000047683716,0.3700000047683716,0.3700000047683716,0.3700000047683716,Used large sini ratio for fenugreek to estimate container CF

59. GREEN PEPPER,152. Sahin Medium,0.5960000157356262,0.5960000157356262,0.5960000157356262,0.5960000157356262,0.5960000157356262,0.5960000157356262,0.5960000157356262,0.5960000157356262,0.5960000157356262,Used large sini ratio for fenugreek to estimate container CF

59. GREEN PEPPER,153. Sahin Large,0.9959999918937684,0.9959999918937684,0.9959999918937684,0.9959999918937684,0.9959999918937684,0.9959999918937684,0.9959999918937684,0.9959999918937684,0.9959999918937684,Used large sini ratio for fenugreek to estimate container CF

59. GREEN PEPPER,171. Sini Small,0.0260000005364418,0.0260000005364418,0.0260000005364418,0.0260000005364418,0.0260000005364418,0.0260000005364418,0.0260000005364418,0.0260000005364418,0.0260000005364418,Used large sini ratio for fenugreek to estimate container CF

59. GREEN PEPPER,172. Sini Medium,0.0399999991059303,0.0399999991059303,0.0399999991059303,0.0399999991059303,0.0399999991059303,0.0399999991059303,0.0399999991059303,0.0399999991059303,0.0399999991059303,Used large sini ratio for fenugreek to estimate container CF

59. GREEN PEPPER,181. Tasa/Tanika/Shember/Selemon Small,0.2930000126361847,0.31700000166893,0.3300000131130218,0.2899999916553497,0.2930000126361847,0.2930000126361847,0.2759999930858612,0.2930000126361847,0.2930000126361847,

59. GREEN PEPPER,182. Tasa/Tanika/Shember/Selemon Medium,0.3549999892711639,0.3549999892711639,0.3549999892711639,0.3499999940395355,0.3549999892711639,0.3549999892711639,0.356000006198883,0.3549999892711639,0.3549999892711639,

59. GREEN PEPPER,183. Tasa/Tanika/Shember/Selemon Large,0.6890000104904175,0.6349999904632568,0.6890000104904175,0.6890000104904175,0.6890000104904175,0.6890000104904175,0.6970000267028809,0.6890000104904175,0.6890000104904175,

60. POTATOES,1. Kilogram,1.0,1.0,1.0,1.0,1.0,1.0,1.0,1.0,1.0,

60. POTATOES,2. Gram,0.0010000000474974,0.0010000000474974,0.0010000000474974,0.0010000000474974,0.0010000000474974,0.0010000000474974,0.0010000000474974,0.0010000000474974,0.0010000000474974,

60. POTATOES,3. Quintal,,,,,,,,,,

60. POTATOES,6. Box/Casa,55.41999816894531,55.41999816894531,55.41999816894531,55.41999816894531,55.41999816894531,55.41999816894531,55.41999816894531,55.41999816894531,55.41999816894531,

60. POTATOES,8. Jog,0.9900000095367432,0.9900000095367432,0.9900000095367432,0.9900000095367432,0.9900000095367432,0.9900000095367432,0.9900000095367432,0.9900000095367432,0.9900000095367432,

60. POTATOES,21. Akumada/Dawla/Lekota Small,29.996000289916992,29.996000289916992,29.996000289916992,29.996000289916992,29.996000289916992,29.996000289916992,29.996000289916992,29.996000289916992,29.996000289916992,Used jog ratio for teff to estimate container CF

60. POTATOES,22. Akumada/Dawla/Lekota Large,48.48400115966797,48.48400115966797,48.48400115966797,48.48400115966797,48.48400115966797,48.48400115966797,48.48400115966797,48.48400115966797,48.48400115966797,Used jog ratio for teff to estimate container CF

60. POTATOES,81. Joniya/Kasha Small,34.40599822998047,36.66699981689453,36.0,33.75,32.78200149536133,34.40599822998047,34.40599822998047,34.40599822998047,34.40599822998047,

60. POTATOES,82. Joniya/Kasha Medium,65.14600372314453,66.66699981689453,70.5,67.41699981689453,69.03199768066406,65.14600372314453,57.13199996948242,65.14600372314453,65.14600372314453,

60. POTATOES,83. Joniya/Kasha Large,,,,,,,,,,

60. POTATOES,91. Kerchat/Kemba Small,8.152000427246094,8.152000427246094,8.152000427246094,8.152000427246094,8.152000427246094,8.152000427246094,8.152000427246094,8.152000427246094,8.152000427246094,

60. POTATOES,92. Kerchat/Kemba Medium,17.084999084472656,17.084999084472656,17.084999084472656,17.084999084472656,18.225000381469727,17.084999084472656,15.94499969482422,17.084999084472656,17.084999084472656,

60. POTATOES,93. Kerchat/Kemba Large,40.92300033569336,40.92300033569336,40.92300033569336,40.92300033569336,40.92300033569336,40.92300033569336,40.92300033569336,40.92300033569336,40.92300033569336,

60. POTATOES,111. Kunna/Mishe/Kefer/Enkib Small,4.6479997634887695,5.184999942779541,5.184999942779541,4.6479997634887695,4.6479997634887695,4.6479997634887695,4.6479997634887695,4.6479997634887695,4.6479997634887695,

60. POTATOES,112. Kunna/Mishe/Kefer/Enkib Medium,8.892999649047852,9.75,9.75,7.179999828338623,8.892999649047852,8.892999649047852,8.892999649047852,8.892999649047852,8.892999649047852,

60. POTATOES,113. Kunna/Mishe/Kefer/Enkib Large,15.038000106811523,15.038000106811523,15.038000106811523,15.038000106811523,14.734999656677246,15.038000106811523,15.34000015258789,15.038000106811523,15.038000106811523,

60. POTATOES,121. Madaberia/Nuse/Shera/Cheret Small,34.40599822998047,36.66699981689453,36.0,33.75,32.78200149536133,34.40599822998047,34.40599822998047,34.40599822998047,34.40599822998047,

60. POTATOES,122. Madaberia/Nuse/Shera/Cheret Medium,65.14600372314453,66.66699981689453,70.5,67.41699981689453,69.03199768066406,65.14600372314453,57.13199996948242,65.14600372314453,65.14600372314453,

60. POTATOES,123. Madaberia/Nuse/Shera/Cheret Large,,,,,,,,,,

60. POTATOES,131. Medeb Small,0.4900000095367431,0.4900000095367431,0.4900000095367431,0.4900000095367431,0.4900000095367431,0.4900000095367431,0.4900000095367431,0.4900000095367431,0.4900000095367431,

60. POTATOES,132. Medeb Medium,0.6000000238418579,0.6000000238418579,0.6000000238418579,0.6000000238418579,0.6000000238418579,0.6000000238418579,0.6000000238418579,0.6000000238418579,0.6000000238418579,

60. POTATOES,133. Medeb Large,0.800000011920929,0.800000011920929,0.800000011920929,0.800000011920929,0.800000011920929,0.800000011920929,0.800000011920929,0.800000011920929,0.800000011920929,

60. POTATOES,141. Piece/number Small,0.1000000014901161,0.1000000014901161,0.1000000014901161,0.1000000014901161,0.1000000014901161,0.1000000014901161,0.1000000014901161,0.1000000014901161,0.1000000014901161,

60. POTATOES,142. Piece/number Medium,0.2199999988079071,0.2199999988079071,0.2199999988079071,0.2199999988079071,0.2199999988079071,0.2199999988079071,0.2199999988079071,0.2199999988079071,0.2199999988079071,

60. POTATOES,143. Piece/number Large,0.5799999833106995,0.5799999833106995,0.5799999833106995,0.5799999833106995,0.5799999833106995,0.5799999833106995,0.5799999833106995,0.5799999833106995,0.5799999833106995,

60. POTATOES,151. Sahin Small,0.8209999799728394,0.8209999799728394,0.8209999799728394,0.8209999799728394,0.8209999799728394,0.8209999799728394,0.8209999799728394,0.8209999799728394,0.8209999799728394,Used jog ratio for teff to estimate container CF

60. POTATOES,152. Sahin Medium,1.3250000476837158,1.3250000476837158,1.3250000476837158,1.3250000476837158,1.3250000476837158,1.3250000476837158,1.3250000476837158,1.3250000476837158,1.3250000476837158,Used jog ratio for teff to estimate container CF

60. POTATOES,153. Sahin Large,2.21399998664856,2.21399998664856,2.21399998664856,2.21399998664856,2.21399998664856,2.21399998664856,2.21399998664856,2.21399998664856,2.21399998664856,Used jog ratio for teff to estimate container CF

60. POTATOES,181. Tasa/Tanika/Shember/Selemon Small,0.4469999969005584,0.4469999969005584,0.4469999969005584,0.4469999969005584,0.4469999969005584,0.4469999969005584,0.4469999969005584,0.4469999969005584,0.4469999969005584,Used jog ratio for teff to estimate container CF

60. POTATOES,182. Tasa/Tanika/Shember/Selemon Medium,0.7940000295639038,0.7940000295639038,0.7940000295639038,0.7940000295639038,0.7940000295639038,0.7940000295639038,0.7940000295639038,0.7940000295639038,0.7940000295639038,Used jog ratio for teff to estimate container CF

60. POTATOES,183. Tasa/Tanika/Shember/Selemon Large,1.1130000352859497,1.1130000352859497,1.1130000352859497,1.1130000352859497,1.1130000352859497,1.1130000352859497,1.1130000352859497,1.1130000352859497,1.1130000352859497,Used jog ratio for teff to estimate container CF

61. PUMPKINS,1. Kilogram,1.0,1.0,1.0,1.0,1.0,1.0,1.0,1.0,1.0,

61. PUMPKINS,2. Gram,0.0010000000474974,0.0010000000474974,0.0010000000474974,0.0010000000474974,0.0010000000474974,0.0010000000474974,0.0010000000474974,0.0010000000474974,0.0010000000474974,

61. PUMPKINS,3. Quintal,,,,,,,,,,

61. PUMPKINS,141. Piece/number Small,3.890000104904175,3.890000104904175,3.890000104904175,3.890000104904175,3.890000104904175,3.890000104904175,3.890000104904175,3.890000104904175,3.890000104904175,

61. PUMPKINS,142. Piece/number Medium,5.059999942779541,5.059999942779541,5.059999942779541,5.059999942779541,5.059999942779541,5.059999942779541,5.059999942779541,5.059999942779541,5.059999942779541,

61. PUMPKINS,143. Piece/number Large,9.140000343322754,9.140000343322754,9.140000343322754,9.140000343322754,9.140000343322754,9.140000343322754,9.140000343322754,9.140000343322754,9.140000343322754,

62. SWEET POTATO,1. Kilogram,1.0,1.0,1.0,1.0,1.0,1.0,1.0,1.0,1.0,

62. SWEET POTATO,3. Quintal,,,,,,,,,,

62. SWEET POTATO,81. Joniya/Kasha Small,34.40599822998047,36.66699981689453,36.0,33.75,32.78200149536133,34.40599822998047,34.40599822998047,34.40599822998047,34.40599822998047,Used potato conversions

62. SWEET POTATO,82. Joniya/Kasha Medium,65.14600372314453,66.66699981689453,70.5,67.41699981689453,69.03199768066406,65.14600372314453,57.13199996948242,65.14600372314453,65.14600372314453,Used potato conversions

62. SWEET POTATO,83. Joniya/Kasha Large,,,,,,,,,,Used potato conversions

62. SWEET POTATO,91. Kerchat/Kemba Small,8.152000427246094,8.152000427246094,8.152000427246094,8.152000427246094,8.152000427246094,8.152000427246094,8.152000427246094,8.152000427246094,8.152000427246094,Used potato conversions

62. SWEET POTATO,92. Kerchat/Kemba Medium,17.084999084472656,17.084999084472656,17.084999084472656,17.084999084472656,18.225000381469727,17.084999084472656,15.94499969482422,17.084999084472656,17.084999084472656,Used potato conversions

62. SWEET POTATO,93. Kerchat/Kemba Large,40.92300033569336,40.92300033569336,40.92300033569336,40.92300033569336,40.92300033569336,40.92300033569336,40.92300033569336,40.92300033569336,40.92300033569336,Used potato conversions

62. SWEET POTATO,111. Kunna/Mishe/Kefer/Enkib Small,4.6479997634887695,5.184999942779541,5.184999942779541,4.6479997634887695,4.6479997634887695,4.6479997634887695,4.6479997634887695,4.6479997634887695,4.6479997634887695,Used potato conversions

62. SWEET POTATO,112. Kunna/Mishe/Kefer/Enkib Medium,8.892999649047852,9.75,9.75,7.179999828338623,8.892999649047852,8.892999649047852,8.892999649047852,8.892999649047852,8.892999649047852,Used potato conversions

62. SWEET POTATO,113. Kunna/Mishe/Kefer/Enkib Large,15.038000106811523,15.038000106811523,15.038000106811523,15.038000106811523,14.734999656677246,15.038000106811523,15.34000015258789,15.038000106811523,15.038000106811523,Used potato conversions

62. SWEET POTATO,121. Madaberia/Nuse/Shera/Cheret Small,34.40599822998047,36.66699981689453,36.0,33.75,32.78200149536133,34.40599822998047,34.40599822998047,34.40599822998047,34.40599822998047,Used potato conversions

62. SWEET POTATO,122. Madaberia/Nuse/Shera/Cheret Medium,65.14600372314453,66.66699981689453,70.5,67.41699981689453,69.03199768066406,65.14600372314453,57.13199996948242,65.14600372314453,65.14600372314453,Used potato conversions

62. SWEET POTATO,123. Madaberia/Nuse/Shera/Cheret Large,,,,,,,,,,Used potato conversions

62. SWEET POTATO,131. Medeb Small,1.7200000286102295,1.7200000286102295,1.7200000286102295,1.7200000286102295,1.7200000286102295,1.7200000286102295,1.7200000286102295,1.7200000286102295,1.7200000286102295,

62. SWEET POTATO,132. Medeb Medium,2.6700000762939453,2.6700000762939453,2.6700000762939453,2.6700000762939453,2.6700000762939453,2.6700000762939453,2.6700000762939453,2.6700000762939453,2.6700000762939453,

62. SWEET POTATO,133. Medeb Large,4.71999979019165,4.71999979019165,4.71999979019165,4.71999979019165,4.71999979019165,4.71999979019165,4.71999979019165,4.71999979019165,4.71999979019165,

62. SWEET POTATO,141. Piece/number Small,0.270000010728836,0.270000010728836,0.270000010728836,0.270000010728836,0.270000010728836,0.270000010728836,0.270000010728836,0.270000010728836,0.270000010728836,

62. SWEET POTATO,142. Piece/number Medium,0.5699999928474426,0.5699999928474426,0.5699999928474426,0.5699999928474426,0.5699999928474426,0.5699999928474426,0.5699999928474426,0.5699999928474426,0.5699999928474426,

62. SWEET POTATO,143. Piece/number Large,1.3799999952316284,1.3799999952316284,1.3799999952316284,1.3799999952316284,1.3799999952316284,1.3799999952316284,1.3799999952316284,1.3799999952316284,1.3799999952316284,

63. TOMATOES,1. Kilogram,1.0,1.0,1.0,1.0,1.0,1.0,1.0,1.0,1.0,

63. TOMATOES,6. Box/Casa,48.48099899291992,46.66699981689453,45.30199813842773,48.13399887084961,44.845001220703125,48.48099899291992,48.5,54.0,48.48099899291992,

63. TOMATOES,71. Festal Small,5.199999809265137,5.199999809265137,5.199999809265137,5.199999809265137,5.199999809265137,5.199999809265137,5.199999809265137,5.199999809265137,5.199999809265137,

63. TOMATOES,73. Festal Large,23.149999618530277,23.149999618530277,23.149999618530277,23.149999618530277,23.149999618530277,23.149999618530277,23.149999618530277,23.149999618530277,23.149999618530277,

63. TOMATOES,91. Kerchat/Kemba Small,11.052000045776367,11.052000045776367,11.10200023651123,10.399999618530272,12.90999984741211,11.052000045776367,11.052000045776367,11.052000045776367,11.052000045776367,

63. TOMATOES,92. Kerchat/Kemba Medium,19.316999435424805,19.316999435424805,23.049999237060547,19.70800018310547,19.316999435424805,18.200000762939453,15.524999618530272,19.316999435424805,19.316999435424805,

63. TOMATOES,93. Kerchat/Kemba Large,34.867000579833984,34.867000579833984,34.867000579833984,34.9900016784668,34.867000579833984,34.867000579833984,34.867000579833984,34.867000579833984,34.867000579833984,

63. TOMATOES,111. Kunna/Mishe/Kefer/Enkib Small,17.5,17.5,17.5,17.5,17.5,17.5,17.5,17.5,17.5,

63. TOMATOES,112. Kunna/Mishe/Kefer/Enkib Medium,20.5,20.5,20.5,20.5,20.5,20.5,20.5,20.5,20.5,

63. TOMATOES,113. Kunna/Mishe/Kefer/Enkib Large,28.0,28.0,28.0,28.0,28.0,28.0,28.0,28.0,28.0,

63. TOMATOES,131. Medeb Small,0.4000000059604645,0.4000000059604645,0.4000000059604645,0.4000000059604645,0.4000000059604645,0.4000000059604645,0.4000000059604645,0.4000000059604645,0.4000000059604645,

63. TOMATOES,132. Medeb Medium,0.6100000143051147,0.6100000143051147,0.6100000143051147,0.6100000143051147,0.6100000143051147,0.6100000143051147,0.6100000143051147,0.6100000143051147,0.6100000143051147,

63. TOMATOES,133. Medeb Large,1.2100000381469729,1.2100000381469729,1.2100000381469729,1.2100000381469729,1.2100000381469729,1.2100000381469729,1.2100000381469729,1.2100000381469729,1.2100000381469729,

63. TOMATOES,141. Piece/number Small,0.1299999952316284,0.1299999952316284,0.1299999952316284,0.1299999952316284,0.1299999952316284,0.1299999952316284,0.1299999952316284,0.1299999952316284,0.1299999952316284,

63. TOMATOES,142. Piece/number Medium,0.2000000029802322,0.2000000029802322,0.2000000029802322,0.2000000029802322,0.2000000029802322,0.2000000029802322,0.2000000029802322,0.2000000029802322,0.2000000029802322,

63. TOMATOES,143. Piece/number Large,0.4799999892711639,0.4799999892711639,0.4799999892711639,0.4799999892711639,0.4799999892711639,0.4799999892711639,0.4799999892711639,0.4799999892711639,0.4799999892711639,

63. TOMATOES,151. Sahin Small,10.06999969482422,10.06999969482422,10.06999969482422,10.06999969482422,10.06999969482422,10.06999969482422,10.06999969482422,10.06999969482422,10.06999969482422,

63. TOMATOES,153. Sahin Large,17.049999237060547,17.049999237060547,17.049999237060547,17.049999237060547,17.049999237060547,17.049999237060547,17.049999237060547,17.049999237060547,17.049999237060547,

64. GODERE,1. Kilogram,1.0,1.0,1.0,1.0,1.0,1.0,1.0,1.0,1.0,

64. GODERE,2. Gram,0.0010000000474974,0.0010000000474974,0.0010000000474974,0.0010000000474974,0.0010000000474974,0.0010000000474974,0.0010000000474974,0.0010000000474974,0.0010000000474974,

64. GODERE,3. Quintal,,,,,,,,,,

64. GODERE,81. Joniya/Kasha Small,43.94499969482422,43.94499969482422,43.94499969482422,43.94499969482422,43.94499969482422,43.94499969482422,43.94499969482422,43.94499969482422,43.94499969482422,

64. GODERE,82. Joniya/Kasha Medium,67.45999908447266,67.45999908447266,67.45999908447266,67.45999908447266,67.45999908447266,67.45999908447266,67.45999908447266,67.45999908447266,67.45999908447266,

64. GODERE,83. Joniya/Kasha Large,,,,,,,,,,

64. GODERE,92. Kerchat/Kemba Medium,16.434999465942383,16.434999465942383,16.434999465942383,16.434999465942383,16.434999465942383,16.434999465942383,16.434999465942383,16.434999465942383,16.434999465942383,

64. GODERE,93. Kerchat/Kemba Large,22.149999618530277,22.149999618530277,22.149999618530277,22.149999618530277,22.149999618530277,22.149999618530277,22.149999618530277,22.149999618530277,22.149999618530277,

64. GODERE,121. Madaberia/Nuse/Shera/Cheret Small,43.94499969482422,43.94499969482422,43.94499969482422,43.94499969482422,43.94499969482422,43.94499969482422,43.94499969482422,43.94499969482422,43.94499969482422,

64. GODERE,122. Madaberia/Nuse/Shera/Cheret Medium,67.45999908447266,67.45999908447266,67.45999908447266,67.45999908447266,67.45999908447266,67.45999908447266,67.45999908447266,67.45999908447266,67.45999908447266,

64. GODERE,123. Madaberia/Nuse/Shera/Cheret Large,,,,,,,,,,

64. GODERE,131. Medeb Small,1.6699999570846558,1.6699999570846558,1.6699999570846558,1.6699999570846558,1.6699999570846558,1.6699999570846558,1.6699999570846558,1.6699999570846558,1.6699999570846558,

64. GODERE,132. Medeb Medium,3.299999952316284,3.299999952316284,3.299999952316284,3.299999952316284,3.299999952316284,3.299999952316284,3.299999952316284,3.299999952316284,3.299999952316284,

64. GODERE,133. Medeb Large,6.489999771118164,6.489999771118164,6.489999771118164,6.489999771118164,6.489999771118164,6.489999771118164,6.489999771118164,6.489999771118164,6.489999771118164,

64. GODERE,141. Piece/number Small,0.4099999964237213,0.4099999964237213,0.4099999964237213,0.4099999964237213,0.4099999964237213,0.4099999964237213,0.4099999964237213,0.4099999964237213,0.4099999964237213,

64. GODERE,142. Piece/number Medium,0.6299999952316284,0.6299999952316284,0.6299999952316284,0.6299999952316284,0.6299999952316284,0.6299999952316284,0.6299999952316284,0.6299999952316284,0.6299999952316284,

64. GODERE,143. Piece/number Large,0.6700000166893005,0.6700000166893005,0.6700000166893005,0.6700000166893005,0.6700000166893005,0.6700000166893005,0.6700000166893005,0.6700000166893005,0.6700000166893005,

64. GODERE,151. Sahin Small,1.1619999408721924,1.1619999408721924,1.1619999408721924,1.1619999408721924,1.1619999408721924,1.1619999408721924,1.1619999408721924,1.1619999408721924,1.1619999408721924,

64. GODERE,152. Sahin Medium,1.659999966621399,1.659999966621399,1.659999966621399,1.659999966621399,1.659999966621399,1.659999966621399,1.659999966621399,1.659999966621399,1.659999966621399,

64. GODERE,153. Sahin Large,2.752000093460083,2.752000093460083,2.752000093460083,2.752000093460083,2.752000093460083,2.752000093460083,2.752000093460083,2.752000093460083,2.752000093460083,

65. GUAVA,1. Kilogram,1.0,1.0,1.0,1.0,1.0,1.0,1.0,1.0,1.0,

65. GUAVA,2. Gram,0.0010000000474974,0.0010000000474974,0.0010000000474974,0.0010000000474974,0.0010000000474974,0.0010000000474974,0.0010000000474974,0.0010000000474974,0.0010000000474974,

65. GUAVA,6. Box/Casa,47.06100082397461,53.83300018310547,49.5,47.06100082397461,47.06100082397461,47.06100082397461,47.06100082397461,47.06100082397461,47.06100082397461,

65. GUAVA,92. Kerchat/Kemba Medium,19.257999420166016,19.257999420166016,19.257999420166016,16.5,19.257999420166016,19.257999420166016,19.257999420166016,19.257999420166016,19.257999420166016,

66. PEACH,1. Kilogram,1.0,1.0,1.0,1.0,1.0,1.0,1.0,1.0,1.0,

69. SPINACH,1. Kilogram,1.0,1.0,1.0,1.0,1.0,1.0,1.0,1.0,1.0,

69. SPINACH,61. Esir Small,0.8199999928474426,0.8199999928474426,0.8199999928474426,0.8199999928474426,0.8199999928474426,0.8199999928474426,0.8199999928474426,0.8199999928474426,0.8199999928474426,

69. SPINACH,62. Esir Medium,1.590000033378601,1.590000033378601,1.590000033378601,1.590000033378601,1.590000033378601,1.590000033378601,1.590000033378601,1.590000033378601,1.590000033378601,

69. SPINACH,63. Esir Large,2.3499999046325684,2.3499999046325684,2.3499999046325684,2.3499999046325684,2.3499999046325684,2.3499999046325684,2.3499999046325684,2.3499999046325684,2.3499999046325684,

71. CHAT,1. Kilogram,1.0,1.0,1.0,1.0,1.0,1.0,1.0,1.0,1.0,

71. CHAT,2. Gram,0.0010000000474974,0.0010000000474974,0.0010000000474974,0.0010000000474974,0.0010000000474974,0.0010000000474974,0.0010000000474974,0.0010000000474974,0.0010000000474974,

71. CHAT,3. Quintal,,,,,,,,,,

71. CHAT,61. Esir Small,0.1599999964237213,0.1599999964237213,0.1599999964237213,0.1599999964237213,0.1599999964237213,0.1599999964237213,0.1599999964237213,0.1599999964237213,0.1599999964237213,

71. CHAT,62. Esir Medium,0.270000010728836,0.270000010728836,0.270000010728836,0.270000010728836,0.270000010728836,0.270000010728836,0.270000010728836,0.270000010728836,0.270000010728836,

71. CHAT,63. Esir Large,0.5699999928474426,0.5699999928474426,0.5699999928474426,0.5699999928474426,0.5699999928474426,0.5699999928474426,0.5699999928474426,0.5699999928474426,0.5699999928474426,

71. CHAT,71. Festal Small,0.3499999940395355,0.3499999940395355,0.3499999940395355,0.3499999940395355,0.3499999940395355,0.3499999940395355,0.3499999940395355,0.3499999940395355,0.3499999940395355,

71. CHAT,72. Festal Medium,4.949999809265137,4.949999809265137,4.949999809265137,4.949999809265137,4.949999809265137,4.949999809265137,4.949999809265137,4.949999809265137,4.949999809265137,

71. CHAT,73. Festal Large,0.8299999833106995,0.8299999833106995,0.8299999833106995,0.8299999833106995,0.8299999833106995,0.8299999833106995,0.8299999833106995,0.8299999833106995,0.8299999833106995,

71. CHAT,81. Joniya/Kasha Small,17.0,17.0,17.0,17.0,17.0,17.0,17.0,17.0,17.0,

71. CHAT,82. Joniya/Kasha Medium,24.5,24.5,24.5,24.5,24.5,24.5,24.5,24.5,24.5,

71. CHAT,83. Joniya/Kasha Large,50.0,50.0,50.0,50.0,50.0,50.0,50.0,50.0,50.0,

71. CHAT,121. Madaberia/Nuse/Shera/Cheret Small,17.0,17.0,17.0,17.0,17.0,17.0,17.0,17.0,17.0,

71. CHAT,122. Madaberia/Nuse/Shera/Cheret Medium,24.5,24.5,24.5,24.5,24.5,24.5,24.5,24.5,24.5,

71. CHAT,123. Madaberia/Nuse/Shera/Cheret Large,50.0,50.0,50.0,50.0,50.0,50.0,50.0,50.0,50.0,

71. CHAT,141. Piece/number Small,0.0099999997764825,0.0099999997764825,0.0099999997764825,0.0099999997764825,0.0099999997764825,0.0099999997764825,0.0099999997764825,0.0099999997764825,0.0099999997764825,

71. CHAT,142. Piece/number Medium,0.0199999995529651,0.0199999995529651,0.0199999995529651,0.0199999995529651,0.0199999995529651,0.0199999995529651,0.0199999995529651,0.0199999995529651,0.0199999995529651,

71. CHAT,143. Piece/number Large,0.0299999993294477,0.0299999993294477,0.0299999993294477,0.0299999993294477,0.0299999993294477,0.0299999993294477,0.0299999993294477,0.0299999993294477,0.0299999993294477,

71. CHAT,191. Zorba/Akara Small,0.1599999964237213,0.1599999964237213,0.1599999964237213,0.1599999964237213,0.1599999964237213,0.1599999964237213,0.1599999964237213,0.1599999964237213,0.1599999964237213,

71. CHAT,192. Zorba/Akara Medium,0.270000010728836,0.270000010728836,0.270000010728836,0.270000010728836,0.270000010728836,0.270000010728836,0.270000010728836,0.270000010728836,0.270000010728836,

71. CHAT,193. Zorba/Akara Large,0.5699999928474426,0.5699999928474426,0.5699999928474426,0.5699999928474426,0.5699999928474426,0.5699999928474426,0.5699999928474426,0.5699999928474426,0.5699999928474426,

72. COFFEE,1. Kilogram,1.0,1.0,1.0,1.0,1.0,1.0,1.0,1.0,1.0,

72. COFFEE,2. Gram,0.0010000000474974,0.0010000000474974,0.0010000000474974,0.0010000000474974,0.0010000000474974,0.0010000000474974,0.0010000000474974,0.0010000000474974,0.0010000000474974,

72. COFFEE,3. Quintal,,,,,,,,,,

72. COFFEE,8. Jog,1.0199999809265137,1.0199999809265137,1.0199999809265137,1.0199999809265137,1.0199999809265137,1.0199999809265137,1.0199999809265137,1.0199999809265137,1.0199999809265137,

72. COFFEE,9. Melekiya,0.0299999993294477,0.0299999993294477,0.0299999993294477,0.0299999993294477,0.0309999994933605,0.0299999993294477,0.0359999984502792,0.0299999993294477,0.0299999993294477,

72. COFFEE,21. Akumada/Dawla/Lekota Small,30.90399932861328,30.90399932861328,30.90399932861328,30.90399932861328,30.90399932861328,30.90399932861328,30.90399932861328,30.90399932861328,30.90399932861328,Used jog ratio for teff to estimate container CF

72. COFFEE,22. Akumada/Dawla/Lekota Large,49.95299911499024,49.95299911499024,49.95299911499024,49.95299911499024,49.95299911499024,49.95299911499024,49.95299911499024,49.95299911499024,49.95299911499024,Used jog ratio for teff to estimate container CF

72. COFFEE,31. Birchiko Small,0.1260000020265579,0.125,0.1400000005960464,0.1330000013113021,0.1260000020265579,0.1260000020265579,0.1260000020265579,0.1260000020265579,0.1260000020265579,

72. COFFEE,32. Birchiko Medium,0.2349999994039535,0.2450000047683715,0.2450000047683715,0.2450000047683715,0.2479999959468841,0.2349999994039535,0.2349999994039535,0.2349999994039535,0.2349999994039535,

72. COFFEE,33. Birchiko Large,0.2560000121593475,0.2569999992847442,0.2549999952316284,0.2549999952316284,0.2549999952316284,0.2560000121593475,0.2549999952316284,0.2560000121593475,0.2560000121593475,

72. COFFEE,61. Esir Small,0.1599999964237213,0.1599999964237213,0.1599999964237213,0.1599999964237213,0.1599999964237213,0.1599999964237213,0.1599999964237213,0.1599999964237213,0.1599999964237213,

72. COFFEE,62. Esir Medium,0.270000010728836,0.270000010728836,0.270000010728836,0.270000010728836,0.270000010728836,0.270000010728836,0.270000010728836,0.270000010728836,0.270000010728836,

72. COFFEE,63. Esir Large,0.3400000035762787,0.3400000035762787,0.3400000035762787,0.3400000035762787,0.3400000035762787,0.3400000035762787,0.3400000035762787,0.3400000035762787,0.3400000035762787,

72. COFFEE,81. Joniya/Kasha Small,24.825000762939453,24.825000762939453,24.825000762939453,24.825000762939453,20.0,24.825000762939453,28.0,24.825000762939453,24.825000762939453,

72. COFFEE,82. Joniya/Kasha Medium,50.125,50.125,50.125,50.125,49.0,50.125,51.25,50.125,50.125,

72. COFFEE,83. Joniya/Kasha Large,71.0,71.0,71.0,71.0,71.0,71.0,71.0,71.0,71.0,

72. COFFEE,101. Kubaya/Cup Small,0.2090000063180923,0.2090000063180923,0.2090000063180923,0.2349999994039535,0.2090000063180923,0.2090000063180923,0.2169999927282333,0.2090000063180923,0.209999993443489,

72. COFFEE,102. Kubaya/Cup Medium,0.2520000040531158,0.2520000040531158,0.2450000047683715,0.2520000040531158,0.2520000040531158,0.2450000047683715,0.2540000081062317,0.2520000040531158,0.2520000040531158,

72. COFFEE,103. Kubaya/Cup Large,0.4839999973773956,0.4839999973773956,0.4839999973773956,0.4839999973773956,0.4839999973773956,0.4839999973773956,0.4839999973773956,0.4839999973773956,0.4839999973773956,

72. COFFEE,111. Kunna/Mishe/Kefer/Enkib Small,6.059000015258789,6.059000015258789,6.059000015258789,6.059000015258789,6.059000015258789,6.059000015258789,6.059000015258789,6.059000015258789,6.059000015258789,Used jog ratio for teff to estimate container CF

72. COFFEE,112. Kunna/Mishe/Kefer/Enkib Medium,10.965999603271484,10.965999603271484,10.965999603271484,10.965999603271484,10.965999603271484,10.965999603271484,10.965999603271484,10.965999603271484,10.965999603271484,Used jog ratio for teff to estimate container CF

72. COFFEE,113. Kunna/Mishe/Kefer/Enkib Large,24.812000274658203,24.812000274658203,24.812000274658203,24.812000274658203,24.812000274658203,24.812000274658203,24.812000274658203,24.812000274658203,24.812000274658203,Used jog ratio for teff to estimate container CF

72. COFFEE,121. Madaberia/Nuse/Shera/Cheret Small,24.825000762939453,24.825000762939453,24.825000762939453,24.825000762939453,20.0,24.825000762939453,28.0,24.825000762939453,24.825000762939453,

72. COFFEE,122. Madaberia/Nuse/Shera/Cheret Medium,50.125,50.125,50.125,50.125,49.0,50.125,51.25,50.125,50.125,

72. COFFEE,123. Madaberia/Nuse/Shera/Cheret Large,71.0,71.0,71.0,71.0,71.0,71.0,71.0,71.0,71.0,

72. COFFEE,151. Sahin Small,0.8460000157356262,0.8460000157356262,0.8460000157356262,0.8460000157356262,0.8460000157356262,0.8460000157356262,0.8460000157356262,0.8460000157356262,0.8460000157356262,Used jog ratio for teff to estimate container CF

72. COFFEE,152. Sahin Medium,1.3650000095367432,1.3650000095367432,1.3650000095367432,1.3650000095367432,1.3650000095367432,1.3650000095367432,1.3650000095367432,1.3650000095367432,1.3650000095367432,Used jog ratio for teff to estimate container CF

72. COFFEE,153. Sahin Large,2.2809998989105225,2.2809998989105225,2.2809998989105225,2.2809998989105225,2.2809998989105225,2.2809998989105225,2.2809998989105225,2.2809998989105225,2.2809998989105225,Used jog ratio for teff to estimate container CF

72. COFFEE,171. Sini Small,0.0520000010728836,0.0599999986588954,0.0599999986588954,0.0520000010728836,0.0599999986588954,0.0520000010728836,0.0489999987185001,0.0520000010728836,0.0520000010728836,

72. COFFEE,172. Sini Medium,0.1089999973773956,0.1089999973773956,0.1089999973773956,0.0970000028610229,0.0890000015497207,0.1089999973773956,0.1089999973773956,0.1000000014901161,0.1089999973773956,

72. COFFEE,181. Tasa/Tanika/Shember/Selemon Small,0.0740000009536743,0.0740000009536743,0.0740000009536743,0.0740000009536743,0.0700000002980232,0.0740000009536743,0.0740000009536743,0.0740000009536743,0.0750000029802322,

72. COFFEE,182. Tasa/Tanika/Shember/Selemon Medium,0.2409999966621399,0.2409999966621399,0.2409999966621399,0.2409999966621399,0.2000000029802322,0.2409999966621399,0.2409999966621399,0.2409999966621399,0.1930000036954879,

72. COFFEE,183. Tasa/Tanika/Shember/Selemon Large,0.8709999918937683,0.8709999918937683,1.0449999570846558,0.8709999918937683,0.8709999918937683,0.8709999918937683,0.8709999918937683,0.8709999918937683,0.8709999918937683,

73. COTTON,1. Kilogram,1.0,1.0,1.0,1.0,1.0,1.0,1.0,1.0,1.0,

73. COTTON,2. Gram,0.0010000000474974,0.0010000000474974,0.0010000000474974,0.0010000000474974,0.0010000000474974,0.0010000000474974,0.0010000000474974,0.0010000000474974,0.0010000000474974,

74. ENSET,1. Kilogram,1.0,1.0,1.0,1.0,1.0,1.0,1.0,1.0,1.0,

74. ENSET,2. Gram,0.0010000000474974,0.0010000000474974,0.0010000000474974,0.0010000000474974,0.0010000000474974,0.0010000000474974,0.0010000000474974,0.0010000000474974,0.0010000000474974,

74. ENSET,3. Quintal,,,,,,,,,,

74. ENSET,7. Jenbe,31.48699951171875,31.48699951171875,31.48699951171875,31.48699951171875,31.48699951171875,31.48699951171875,31.48699951171875,31.48699951171875,31.48699951171875,

74. ENSET,61. Esir Small,3.900000095367432,3.900000095367432,3.900000095367432,3.900000095367432,3.900000095367432,3.900000095367432,3.900000095367432,3.900000095367432,3.900000095367432,

74. ENSET,62. Esir Medium,6.125,6.125,6.125,6.125,6.125,6.125,6.125,6.125,6.125,

74. ENSET,62. Esir Medium,4.340000152587891,4.340000152587891,4.340000152587891,4.340000152587891,4.340000152587891,4.340000152587891,4.340000152587891,4.340000152587891,4.340000152587891,

74. ENSET,63. Esir Large,6.809999942779541,6.809999942779541,6.809999942779541,6.809999942779541,6.809999942779541,6.809999942779541,6.809999942779541,6.809999942779541,6.809999942779541,

74. ENSET,71. Festal Small,1.875,1.875,1.875,1.875,1.875,1.875,1.875,1.875,1.875,

74. ENSET,72. Festal Medium,2.164999961853028,2.164999961853028,2.164999961853028,2.164999961853028,2.164999961853028,2.164999961853028,2.164999961853028,2.164999961853028,2.164999961853028,

74. ENSET,73. Festal Large,2.924999952316284,2.924999952316284,2.924999952316284,2.924999952316284,2.924999952316284,2.924999952316284,2.924999952316284,2.924999952316284,2.924999952316284,

74. ENSET,92. Kerchat/Kemba Medium,34.040000915527344,34.040000915527344,34.040000915527344,34.040000915527344,34.040000915527344,34.040000915527344,34.040000915527344,34.040000915527344,34.040000915527344,

74. ENSET,131. Medeb Small,0.7400000095367432,0.7400000095367432,0.7400000095367432,0.7400000095367432,0.7400000095367432,0.7400000095367432,0.7400000095367432,0.7400000095367432,0.7400000095367432,

74. ENSET,132. Medeb Medium,1.659999966621399,1.659999966621399,1.659999966621399,1.659999966621399,1.659999966621399,1.659999966621399,1.659999966621399,1.659999966621399,1.659999966621399,

74. ENSET,133. Medeb Large,2.450000047683716,2.450000047683716,2.450000047683716,2.450000047683716,2.450000047683716,2.450000047683716,2.450000047683716,2.450000047683716,2.450000047683716,

75. GESHO,1. Kilogram,1.0,1.0,1.0,1.0,1.0,1.0,1.0,1.0,1.0,

75. GESHO,2. Gram,0.0010000000474974,0.0010000000474974,0.0010000000474974,0.0010000000474974,0.0010000000474974,0.0010000000474974,0.0010000000474974,0.0010000000474974,0.0010000000474974,

75. GESHO,3. Quintal,,,,,,,,,,

75. GESHO,9. Melekiya,0.0399999991059303,0.0399999991059303,0.0399999991059303,0.0399999991059303,0.0399999991059303,0.0399999991059303,0.0399999991059303,0.0399999991059303,0.0399999991059303,

75. GESHO,72. Festal Medium,4.199999809265137,4.199999809265137,4.199999809265137,4.199999809265137,4.199999809265137,4.199999809265137,4.199999809265137,4.199999809265137,4.199999809265137,

75. GESHO,81. Joniya/Kasha Small,3.6570000648498535,3.694999933242798,3.6570000648498535,3.2279999256134038,3.6570000648498535,3.6570000648498535,3.6570000648498535,3.6570000648498535,3.6570000648498535,

75. GESHO,82. Joniya/Kasha Medium,10.348999977111816,10.975000381469728,10.348999977111816,10.348999977111816,10.958000183105469,10.348999977111816,9.526000022888184,10.348999977111816,11.385000228881836,

75. GESHO,83. Joniya/Kasha Large,22.777999877929688,24.566999435424805,24.600000381469727,18.41699981689453,22.777999877929688,20.325000762939453,22.777999877929688,22.777999877929688,22.777999877929688,

75. GESHO,102. Kubaya/Cup Medium,0.0230000000447034,0.0230000000447034,0.0230000000447034,0.0230000000447034,0.0199999995529651,0.0230000000447034,0.0230000000447034,0.0230000000447034,0.0230000000447034,

75. GESHO,111. Kunna/Mishe/Kefer/Enkib Small,0.8450000286102295,0.8450000286102295,0.8450000286102295,0.8450000286102295,0.8450000286102295,0.8450000286102295,0.8450000286102295,0.8450000286102295,0.8450000286102295,

75. GESHO,113. Kunna/Mishe/Kefer/Enkib Large,1.6050000190734863,1.6050000190734863,1.6050000190734863,1.6050000190734863,1.6050000190734863,1.6050000190734863,1.6050000190734863,1.6050000190734863,1.6050000190734863,

75. GESHO,121. Madaberia/Nuse/Shera/Cheret Small,3.6570000648498535,3.694999933242798,3.6570000648498535,3.2279999256134038,3.6570000648498535,3.6570000648498535,3.6570000648498535,3.6570000648498535,3.6570000648498535,

75. GESHO,122. Madaberia/Nuse/Shera/Cheret Medium,10.348999977111816,10.975000381469728,10.348999977111816,10.348999977111816,10.958000183105469,10.348999977111816,9.526000022888184,10.348999977111816,11.385000228881836,

75. GESHO,123. Madaberia/Nuse/Shera/Cheret Large,22.777999877929688,24.566999435424805,24.600000381469727,18.41699981689453,22.777999877929688,20.325000762939453,22.777999877929688,22.777999877929688,22.777999877929688,

75. GESHO,131. Medeb Small,0.3799999952316284,0.3799999952316284,0.3799999952316284,0.3799999952316284,0.3799999952316284,0.3799999952316284,0.3799999952316284,0.3799999952316284,0.3799999952316284,

75. GESHO,132. Medeb Medium,0.5899999737739563,0.5899999737739563,0.5899999737739563,0.5899999737739563,0.5899999737739563,0.5899999737739563,0.5899999737739563,0.5899999737739563,0.5899999737739563,

75. GESHO,133. Medeb Large,1.0,1.0,1.0,1.0,1.0,1.0,1.0,1.0,1.0,

75. GESHO,151. Sahin Small,0.0989999994635582,0.1150000020861625,0.0989999994635582,0.0989999994635582,0.0799999982118606,0.0989999994635582,0.1000000014901161,0.0989999994635582,0.0989999994635582,

75. GESHO,152. Sahin Medium,0.1959999948740005,0.1959999948740005,0.1959999948740005,0.1959999948740005,0.1959999948740005,0.2249999940395355,0.1899999976158142,0.1959999948740005,0.1959999948740005,

75. GESHO,153. Sahin Large,0.3219999969005584,0.3219999969005584,0.3219999969005584,0.3219999969005584,0.3219999969005584,0.3219999969005584,0.296999990940094,0.3219999969005584,0.3219999969005584,

75. GESHO,181. Tasa/Tanika/Shember/Selemon Small,0.0850000008940696,0.0850000008940696,0.0850000008940696,0.0850000008940696,0.0850000008940696,0.0850000008940696,0.0850000008940696,0.0850000008940696,0.0850000008940696,

75. GESHO,182. Tasa/Tanika/Shember/Selemon Medium,0.1449999958276748,0.1449999958276748,0.1449999958276748,0.1449999958276748,0.1449999958276748,0.1449999958276748,0.1449999958276748,0.1449999958276748,0.1449999958276748,

75. GESHO,183. Tasa/Tanika/Shember/Selemon Large,0.2899999916553497,0.2899999916553497,0.2899999916553497,0.2899999916553497,0.2899999916553497,0.2899999916553497,0.2899999916553497,0.2899999916553497,0.2899999916553497,

76. SUGAR CANE,1. Kilogram,1.0,1.0,1.0,1.0,1.0,1.0,1.0,1.0,1.0,

76. SUGAR CANE,3. Quintal,,,,,,,,,,

76. SUGAR CANE,61. Esir Small,2.3299999237060547,2.3299999237060547,2.3299999237060547,2.3299999237060547,2.3299999237060547,2.3299999237060547,2.3299999237060547,2.3299999237060547,2.3299999237060547,

76. SUGAR CANE,62. Esir Medium,3.5,3.5,3.5,3.5,3.5,3.5,3.5,3.5,3.5,

76. SUGAR CANE,63. Esir Large,5.670000076293945,5.670000076293945,5.670000076293945,5.670000076293945,5.670000076293945,5.670000076293945,5.670000076293945,5.670000076293945,5.670000076293945,

76. SUGAR CANE,131. Medeb Small,2.3299999237060547,2.3299999237060547,2.3299999237060547,2.3299999237060547,2.3299999237060547,2.3299999237060547,2.3299999237060547,2.3299999237060547,2.3299999237060547,

76. SUGAR CANE,132. Medeb Medium,3.5,3.5,3.5,3.5,3.5,3.5,3.5,3.5,3.5,

76. SUGAR CANE,133. Medeb Large,5.670000076293945,5.670000076293945,5.670000076293945,5.670000076293945,5.670000076293945,5.670000076293945,5.670000076293945,5.670000076293945,5.670000076293945,

76. SUGAR CANE,141. Piece/number Small,1.690000057220459,1.690000057220459,1.690000057220459,1.690000057220459,1.690000057220459,1.690000057220459,1.690000057220459,1.690000057220459,1.690000057220459,

76. SUGAR CANE,142. Piece/number Medium,2.5899999141693115,2.5899999141693115,2.5899999141693115,2.5899999141693115,2.5899999141693115,2.5899999141693115,2.5899999141693115,2.5899999141693115,2.5899999141693115,

76. SUGAR CANE,143. Piece/number Large,2.990000009536743,2.990000009536743,2.990000009536743,2.990000009536743,2.990000009536743,2.990000009536743,2.990000009536743,2.990000009536743,2.990000009536743,

78. TOBACCO,1. Kilogram,1.0,1.0,1.0,1.0,1.0,1.0,1.0,1.0,1.0,

78. TOBACCO,2. Gram,0.0010000000474974,0.0010000000474974,0.0010000000474974,0.0010000000474974,0.0010000000474974,0.0010000000474974,0.0010000000474974,0.0010000000474974,0.0010000000474974,

78. TOBACCO,3. Quintal,,,,,,,,,,

79. CORIANDER,1. Kilogram,1.0,1.0,1.0,1.0,1.0,1.0,1.0,1.0,1.0,

79. CORIANDER,2. Gram,0.0010000000474974,0.0010000000474974,0.0010000000474974,0.0010000000474974,0.0010000000474974,0.0010000000474974,0.0010000000474974,0.0010000000474974,0.0010000000474974,

79. CORIANDER,9. Melekiya,0.0149999996647238,0.0149999996647238,0.0149999996647238,0.0149999996647238,0.0179999992251396,0.0149999996647238,0.0120000001043081,0.0149999996647238,0.0149999996647238,

79. CORIANDER,31. Birchiko Small,0.050000000745058,0.050000000745058,0.050000000745058,0.050000000745058,0.050000000745058,0.050000000745058,0.050000000745058,0.050000000745058,0.050000000745058,

79. CORIANDER,33. Birchiko Large,0.0890000015497207,0.0890000015497207,0.0890000015497207,0.1049999967217445,0.0890000015497207,0.0890000015497207,0.0890000015497207,0.0890000015497207,0.0890000015497207,

79. CORIANDER,81. Joniya/Kasha Small,13.833000183105469,13.833000183105469,13.833000183105469,13.833000183105469,13.833000183105469,13.833000183105469,13.833000183105469,13.833000183105469,13.833000183105469,

79. CORIANDER,82. Joniya/Kasha Medium,33.5,33.5,33.5,33.5,33.5,33.5,33.5,33.5,33.5,

79. CORIANDER,83. Joniya/Kasha Large,45.25,45.25,45.25,45.25,45.25,45.25,45.25,45.25,45.25,

79. CORIANDER,102. Kubaya/Cup Medium,0.1180000007152557,0.1049999967217445,0.1049999967217445,0.1080000028014183,0.1180000007152557,0.1180000007152557,0.125,0.1180000007152557,0.1180000007152557,

79. CORIANDER,112. Kunna/Mishe/Kefer/Enkib Medium,2.82699990272522,2.82699990272522,2.819999933242798,2.828000068664551,2.82699990272522,2.82699990272522,2.82699990272522,2.82699990272522,2.82699990272522,

79. CORIANDER,121. Madaberia/Nuse/Shera/Cheret Small,13.833000183105469,13.833000183105469,13.833000183105469,13.833000183105469,13.833000183105469,13.833000183105469,13.833000183105469,13.833000183105469,13.833000183105469,

79. CORIANDER,122. Madaberia/Nuse/Shera/Cheret Medium,33.5,33.5,33.5,33.5,33.5,33.5,33.5,33.5,33.5,

79. CORIANDER,123. Madaberia/Nuse/Shera/Cheret Large,45.25,45.25,45.25,45.25,45.25,45.25,45.25,45.25,45.25,

79. CORIANDER,152. Sahin Medium,0.5649999976158142,0.5649999976158142,0.5649999976158142,0.5649999976158142,0.5649999976158142,0.5649999976158142,0.5649999976158142,0.5649999976158142,0.5649999976158142,

79. CORIANDER,171. Sini Small,0.0209999997168779,0.0209999997168779,0.0209999997168779,0.0209999997168779,0.0209999997168779,0.0209999997168779,0.0209999997168779,0.0209999997168779,0.0209999997168779,

79. CORIANDER,172. Sini Medium,0.0390000008046627,0.0390000008046627,0.0390000008046627,0.0399999991059303,0.0430000014603138,0.0399999991059303,0.0320000015199184,0.0390000008046627,0.0390000008046627,

79. CORIANDER,181. Tasa/Tanika/Shember/Selemon Small,0.0890000015497207,0.0890000015497207,0.0890000015497207,0.0890000015497207,0.0890000015497207,0.0890000015497207,0.0890000015497207,0.0890000015497207,0.0890000015497207,

79. CORIANDER,183. Tasa/Tanika/Shember/Selemon Large,0.2549999952316284,0.2649999856948852,0.2399999946355819,0.2599999904632568,0.2750000059604645,0.2549999952316284,0.2549999952316284,0.2549999952316284,0.2399999946355819,

80. SACRED BASIL,1. Kilogram,1.0,1.0,1.0,1.0,1.0,1.0,1.0,1.0,1.0,

80. SACRED BASIL,2. Gram,0.0010000000474974,0.0010000000474974,0.0010000000474974,0.0010000000474974,0.0010000000474974,0.0010000000474974,0.0010000000474974,0.0010000000474974,0.0010000000474974,

80. SACRED BASIL,3. Quintal,,,,,,,,,,

81. RUE,1. Kilogram,1.0,1.0,1.0,1.0,1.0,1.0,1.0,1.0,1.0,

81. RUE,2. Gram,0.0010000000474974,0.0010000000474974,0.0010000000474974,0.0010000000474974,0.0010000000474974,0.0010000000474974,0.0010000000474974,0.0010000000474974,0.0010000000474974,

82. GISHITA,1. Kilogram,1.0,1.0,1.0,1.0,1.0,1.0,1.0,1.0,1.0,

82. GISHITA,3. Quintal,,,,,,,,,,

84. AVOCADOS,1. Kilogram,1.0,1.0,1.0,1.0,1.0,1.0,1.0,1.0,1.0,

84. AVOCADOS,2. Gram,0.0010000000474974,0.0010000000474974,0.0010000000474974,0.0010000000474974,0.0010000000474974,0.0010000000474974,0.0010000000474974,0.0010000000474974,0.0010000000474974,

84. AVOCADOS,3. Quintal,,,,,,,,,,

84. AVOCADOS,6. Box/Casa,54.5,54.5,54.0,54.66699981689453,54.5,54.5,54.5,54.5,54.5,

84. AVOCADOS,71. Festal Small,1.7829999923706057,1.7829999923706057,1.7829999923706057,1.7829999923706057,1.7829999923706057,1.7829999923706057,1.7829999923706057,1.7829999923706057,1.7829999923706057,

84. AVOCADOS,72. Festal Medium,4.316999912261963,4.316999912261963,4.316999912261963,4.316999912261963,5.019999980926514,4.316999912261963,4.216000080108643,4.316999912261963,4.316999912261963,

84. AVOCADOS,73. Festal Large,8.621000289916992,8.621000289916992,8.621000289916992,8.621000289916992,8.621000289916992,8.621000289916992,8.621000289916992,8.621000289916992,8.621000289916992,

84. AVOCADOS,81. Joniya/Kasha Small,28.368000030517575,28.368000030517575,28.368000030517575,28.368000030517575,28.368000030517575,28.368000030517575,25.292999267578125,28.368000030517575,28.368000030517575,

84. AVOCADOS,82. Joniya/Kasha Medium,48.41699981689453,48.41699981689453,48.41699981689453,48.41699981689453,48.41699981689453,48.41699981689453,48.41699981689453,48.41699981689453,48.41699981689453,

84. AVOCADOS,83. Joniya/Kasha Large,,,,,,,,,,

84. AVOCADOS,91. Kerchat/Kemba Small,11.041999816894531,11.041999816894531,11.234999656677246,9.656999588012695,10.225000381469728,11.041999816894531,11.041999816894531,11.041999816894531,11.041999816894531,

84. AVOCADOS,92. Kerchat/Kemba Medium,18.84199905395508,18.84199905395508,18.84199905395508,18.84199905395508,17.200000762939453,20.700000762939453,18.770000457763672,18.84199905395508,18.84199905395508,

84. AVOCADOS,93. Kerchat/Kemba Large,31.68899917602539,31.68899917602539,31.68899917602539,26.5,31.68899917602539,31.68899917602539,28.74399948120117,31.68899917602539,31.68899917602539,

84. AVOCADOS,121. Madaberia/Nuse/Shera/Cheret Small,28.368000030517575,28.368000030517575,28.368000030517575,28.368000030517575,28.368000030517575,28.368000030517575,25.292999267578125,28.368000030517575,28.368000030517575,

84. AVOCADOS,122. Madaberia/Nuse/Shera/Cheret Medium,48.41699981689453,48.41699981689453,48.41699981689453,48.41699981689453,48.41699981689453,48.41699981689453,48.41699981689453,48.41699981689453,48.41699981689453,

84. AVOCADOS,123. Madaberia/Nuse/Shera/Cheret Large,,,,,,,,,,

84. AVOCADOS,131. Medeb Small,0.4699999988079071,0.4699999988079071,0.4699999988079071,0.4699999988079071,0.4699999988079071,0.4699999988079071,0.4699999988079071,0.4699999988079071,0.4699999988079071,

84. AVOCADOS,132. Medeb Medium,0.6499999761581421,0.6499999761581421,0.6499999761581421,0.6499999761581421,0.6499999761581421,0.6499999761581421,0.6499999761581421,0.6499999761581421,0.6499999761581421,

84. AVOCADOS,133. Medeb Large,1.0499999523162842,1.0499999523162842,1.0499999523162842,1.0499999523162842,1.0499999523162842,1.0499999523162842,1.0499999523162842,1.0499999523162842,1.0499999523162842,

84. AVOCADOS,141. Piece/number Small,0.1199999973177909,0.1199999973177909,0.1199999973177909,0.1199999973177909,0.1199999973177909,0.1199999973177909,0.1199999973177909,0.1199999973177909,0.1199999973177909,

84. AVOCADOS,142. Piece/number Medium,0.1599999964237213,0.1599999964237213,0.1599999964237213,0.1599999964237213,0.1599999964237213,0.1599999964237213,0.1599999964237213,0.1599999964237213,0.1599999964237213,

84. AVOCADOS,143. Piece/number Large,0.2199999988079071,0.2199999988079071,0.2199999988079071,0.2199999988079071,0.2199999988079071,0.2199999988079071,0.2199999988079071,0.2199999988079071,0.2199999988079071,

85. GRAZING LAND,1. Kilogram,1.0,1.0,1.0,1.0,1.0,1.0,1.0,1.0,1.0,

98. OTHER ROOT C,1. Kilogram,1.0,1.0,1.0,1.0,1.0,1.0,1.0,1.0,1.0,

98. OTHER ROOT C,2. Gram,0.0010000000474974,0.0010000000474974,0.0010000000474974,0.0010000000474974,0.0010000000474974,0.0010000000474974,0.0010000000474974,0.0010000000474974,0.0010000000474974,

98. OTHER ROOT C,3. Quintal,,,,,,,,,,

112. KAZMIR,1. Kilogram,1.0,1.0,1.0,1.0,1.0,1.0,1.0,1.0,1.0,

115. OTHER FRUITS,1. Kilogram,1.0,1.0,1.0,1.0,1.0,1.0,1.0,1.0,1.0,

115. OTHER FRUITS,2. Gram,0.0010000000474974,0.0010000000474974,0.0010000000474974,0.0010000000474974,0.0010000000474974,0.0010000000474974,0.0010000000474974,0.0010000000474974,0.0010000000474974,

117. OTHER SPICES,1. Kilogram,1.0,1.0,1.0,1.0,1.0,1.0,1.0,1.0,1.0,

117. OTHER SPICES,3. Quintal,,,,,,,,,,

118. OTHER PULSES,1. Kilogram,1.0,1.0,1.0,1.0,1.0,1.0,1.0,1.0,1.0,

118. OTHER PULSES,3. Quintal,,,,,,,,,,

119. OTHER OIL SEED,1. Kilogram,1.0,1.0,1.0,1.0,1.0,1.0,1.0,1.0,1.0,

121. OTHER CASE CROPS,1. Kilogram,1.0,1.0,1.0,1.0,1.0,1.0,1.0,1.0,1.0,

123. OTHER VEGETABLE,1. Kilogram,1.0,1.0,1.0,1.0,1.0,1.0,1.0,1.0,1.0,

123. OTHER VEGETABLE,3. Quintal,,,,,,,,,,

